image,breed,split,group
basset/n02088238_10005.jpg,basset,train,
basset/n02088238_10013.jpg,basset,val,
basset/n02088238_10028.jpg,basset,train,
basset/n02088238_10049.jpg,basset,train,
basset/n02088238_10051.jpg,basset,train,
basset/n02088238_10054.jpg,basset,train,
basset/n02088238_10063.jpg,basset,test,
basset/n02088238_10072.jpg,basset,test,
basset/n02088238_10095.jpg,basset,test,
basset/n02088238_10102.jpg,basset,train,
basset/n02088238_10106.jpg,basset,train,
basset/n02088238_10110.jpg,basset,val,
basset/n02088238_10113.jpg,basset,train,
basset/n02088238_10129.jpg,basset,train,
basset/n02088238_10140.jpg,basset,train,
basset/n02088238_10142.jpg,basset,train,
basset/n02088238_10183.jpg,basset,train,
basset/n02088238_10245.jpg,basset,train,
basset/n02088238_10288.jpg,basset,train,
basset/n02088238_10338.jpg,basset,train,
basset/n02088238_10358.jpg,basset,val,
basset/n02088238_10451.jpg,basset,train,
basset/n02088238_10473.jpg,basset,test,
basset/n02088238_10510.jpg,basset,test,
basset/n02088238_10592.jpg,basset,val,
basset/n02088238_10682.jpg,basset,train,
basset/n02088238_10741.jpg,basset,test,
basset/n02088238_10753.jpg,basset,train,
basset/n02088238_10757.jpg,basset,test,
basset/n02088238_10870.jpg,basset,train,
basset/n02088238_10932.jpg,basset,train,
basset/n02088238_11113.jpg,basset,val,
basset/n02088238_11124.jpg,basset,train,
basset/n02088238_11136.jpg,basset,train,
basset/n02088238_11148.jpg,basset,train,
basset/n02088238_11200.jpg,basset,test,
basset/n02088238_11204.jpg,basset,train,
basset/n02088238_11223.jpg,basset,train,
basset/n02088238_11281.jpg,basset,train,
basset/n02088238_11318.jpg,basset,val,
basset/n02088238_11339.jpg,basset,val,
basset/n02088238_11383.jpg,basset,train,
basset/n02088238_11393.jpg,basset,train,
basset/n02088238_11505.jpg,basset,train,
basset/n02088238_11511.jpg,basset,train,
basset/n02088238_11522.jpg,basset,train,
basset/n02088238_11542.jpg,basset,train,
basset/n02088238_11635.jpg,basset,train,
basset/n02088238_11846.jpg,basset,train,
basset/n02088238_11849.jpg,basset,train,
basset/n02088238_11917.jpg,basset,test,
basset/n02088238_12160.jpg,basset,train,
basset/n02088238_12196.jpg,basset,train,
basset/n02088238_12293.jpg,basset,train,
basset/n02088238_12427.jpg,basset,train,
basset/n02088238_12469.jpg,basset,test,
basset/n02088238_12555.jpg,basset,test,
basset/n02088238_12563.jpg,basset,test,
basset/n02088238_1261.jpg,basset,train,
basset/n02088238_12710.jpg,basset,test,
basset/n02088238_12966.jpg,basset,train,
basset/n02088238_12974.jpg,basset,train,
basset/n02088238_12997.jpg,basset,test,
basset/n02088238_13036.jpg,basset,train,
basset/n02088238_13079.jpg,basset,train,
basset/n02088238_13199.jpg,basset,train,
basset/n02088238_13222.jpg,basset,train,
basset/n02088238_13373.jpg,basset,val,
basset/n02088238_13439.jpg,basset,train,
basset/n02088238_13608.jpg,basset,train,
basset/n02088238_13683.jpg,basset,test,
basset/n02088238_13709.jpg,basset,test,
basset/n02088238_13720.jpg,basset,train,
basset/n02088238_13799.jpg,basset,train,
basset/n02088238_13847.jpg,basset,train,
basset/n02088238_13908.jpg,basset,val,
basset/n02088238_1454.jpg,basset,train,
basset/n02088238_1731.jpg,basset,train,
basset/n02088238_1944.jpg,basset,train,
basset/n02088238_2009.jpg,basset,val,
basset/n02088238_2217.jpg,basset,val,
basset/n02088238_2574.jpg,basset,train,
basset/n02088238_2646.jpg,basset,train,
basset/n02088238_2674.jpg,basset,train,
basset/n02088238_2686.jpg,basset,train,
basset/n02088238_2822.jpg,basset,train,
basset/n02088238_2879.jpg,basset,val,
basset/n02088238_305.jpg,basset,val,
basset/n02088238_3066.jpg,basset,val,
basset/n02088238_3079.jpg,basset,train,
basset/n02088238_3359.jpg,basset,train,
basset/n02088238_3475.jpg,basset,val,
basset/n02088238_3579.jpg,basset,train,
basset/n02088238_363.jpg,basset,train,
basset/n02088238_3778.jpg,basset,train,
basset/n02088238_4182.jpg,basset,train,
basset/n02088238_4365.jpg,basset,val,
basset/n02088238_4374.jpg,basset,val,
basset/n02088238_490.jpg,basset,train,
basset/n02088238_517.jpg,basset,train,
basset/n02088238_5239.jpg,basset,train,
basset/n02088238_5441.jpg,basset,train,
basset/n02088238_600.jpg,basset,train,
basset/n02088238_6012.jpg,basset,train,
basset/n02088238_6017.jpg,basset,train,
basset/n02088238_6035.jpg,basset,train,
basset/n02088238_6161.jpg,basset,val,
basset/n02088238_6532.jpg,basset,test,
basset/n02088238_657.jpg,basset,test,
basset/n02088238_658.jpg,basset,train,
basset/n02088238_6621.jpg,basset,val,
basset/n02088238_664.jpg,basset,train,
basset/n02088238_665.jpg,basset,train,
basset/n02088238_6707.jpg,basset,val,
basset/n02088238_6708.jpg,basset,test,
basset/n02088238_6812.jpg,basset,train,
basset/n02088238_6988.jpg,basset,train,
basset/n02088238_7131.jpg,basset,val,
basset/n02088238_7181.jpg,basset,train,
basset/n02088238_7232.jpg,basset,train,
basset/n02088238_7233.jpg,basset,train,
basset/n02088238_7487.jpg,basset,train,
basset/n02088238_7553.jpg,basset,train,
basset/n02088238_7718.jpg,basset,train,
basset/n02088238_7741.jpg,basset,train,
basset/n02088238_7855.jpg,basset,train,
basset/n02088238_8140.jpg,basset,train,
basset/n02088238_8480.jpg,basset,train,
basset/n02088238_8520.jpg,basset,train,
basset/n02088238_8839.jpg,basset,test,
basset/n02088238_9015.jpg,basset,train,
basset/n02088238_9025.jpg,basset,train,
basset/n02088238_9154.jpg,basset,train,
basset/n02088238_9162.jpg,basset,train,
basset/n02088238_9257.jpg,basset,train,
basset/n02088238_9267.jpg,basset,train,
basset/n02088238_9292.jpg,basset,train,
basset/n02088238_9324.jpg,basset,train,
basset/n02088238_9332.jpg,basset,train,
basset/n02088238_9351.jpg,basset,test,
basset/n02088238_9360.jpg,basset,train,
basset/n02088238_9372.jpg,basset,train,
basset/n02088238_9419.jpg,basset,train,
basset/n02088238_9446.jpg,basset,test,
basset/n02088238_9467.jpg,basset,train,
basset/n02088238_9486.jpg,basset,train,
basset/n02088238_9529.jpg,basset,train,
basset/n02088238_9577.jpg,basset,train,
basset/n02088238_9585.jpg,basset,val,
basset/n02088238_9590.jpg,basset,train,
basset/n02088238_9595.jpg,basset,train,
basset/n02088238_9600.jpg,basset,test,
basset/n02088238_9626.jpg,basset,train,
basset/n02088238_9635.jpg,basset,train,
basset/n02088238_9691.jpg,basset,test,
basset/n02088238_9701.jpg,basset,train,
basset/n02088238_9717.jpg,basset,train,
basset/n02088238_9718.jpg,basset,train,
basset/n02088238_9725.jpg,basset,train,
basset/n02088238_9751.jpg,basset,val,
basset/n02088238_9778.jpg,basset,val,
basset/n02088238_9787.jpg,basset,train,
basset/n02088238_9789.jpg,basset,train,
basset/n02088238_9797.jpg,basset,test,
basset/n02088238_9815.jpg,basset,train,
basset/n02088238_9841.jpg,basset,train,
basset/n02088238_9864.jpg,basset,test,
basset/n02088238_9900.jpg,basset,val,
basset/n02088238_9922.jpg,basset,train,
basset/n02088238_9933.jpg,basset,train,
basset/n02088238_9947.jpg,basset,train,
basset/n02088238_9960.jpg,basset,train,
basset/n02088238_9986.jpg,basset,test,
basset/n02088238_9993.jpg,basset,train,
basset/n02088238_9994.jpg,basset,val,
bloodhound/n02088466_10083.jpg,bloodhound,train,
bloodhound/n02088466_1015.jpg,bloodhound,val,
bloodhound/n02088466_10309.jpg,bloodhound,train,
bloodhound/n02088466_10331.jpg,bloodhound,train,
bloodhound/n02088466_10335.jpg,bloodhound,train,
bloodhound/n02088466_10408.jpg,bloodhound,val,
bloodhound/n02088466_10506.jpg,bloodhound,train,
bloodhound/n02088466_10545.jpg,bloodhound,train,
bloodhound/n02088466_10724.jpg,bloodhound,val,
bloodhound/n02088466_10773.jpg,bloodhound,train,
bloodhound/n02088466_10831.jpg,bloodhound,train,
bloodhound/n02088466_10904.jpg,bloodhound,train,
bloodhound/n02088466_11398.jpg,bloodhound,train,
bloodhound/n02088466_11623.jpg,bloodhound,train,
bloodhound/n02088466_11827.jpg,bloodhound,test,
bloodhound/n02088466_11903.jpg,bloodhound,val,
bloodhound/n02088466_11936.jpg,bloodhound,val,
bloodhound/n02088466_12003.jpg,bloodhound,test,
bloodhound/n02088466_12353.jpg,bloodhound,val,
bloodhound/n02088466_12388.jpg,bloodhound,train,
bloodhound/n02088466_1262.jpg,bloodhound,test,
bloodhound/n02088466_1473.jpg,bloodhound,test,
bloodhound/n02088466_1503.jpg,bloodhound,train,
bloodhound/n02088466_1555.jpg,bloodhound,train,
bloodhound/n02088466_1563.jpg,bloodhound,train,
bloodhound/n02088466_1671.jpg,bloodhound,train,
bloodhound/n02088466_1983.jpg,bloodhound,train,
bloodhound/n02088466_2030.jpg,bloodhound,train,
bloodhound/n02088466_2332.jpg,bloodhound,train,
bloodhound/n02088466_2862.jpg,bloodhound,train,
bloodhound/n02088466_2908.jpg,bloodhound,test,
bloodhound/n02088466_2934.jpg,bloodhound,train,
bloodhound/n02088466_2986.jpg,bloodhound,test,
bloodhound/n02088466_3032.jpg,bloodhound,val,
bloodhound/n02088466_3096.jpg,bloodhound,train,
bloodhound/n02088466_3184.jpg,bloodhound,train,
bloodhound/n02088466_3217.jpg,bloodhound,train,
bloodhound/n02088466_3333.jpg,bloodhound,train,
bloodhound/n02088466_3448.jpg,bloodhound,train,
bloodhound/n02088466_3568.jpg,bloodhound,train,
bloodhound/n02088466_3634.jpg,bloodhound,train,
bloodhound/n02088466_4054.jpg,bloodhound,train,
bloodhound/n02088466_4169.jpg,bloodhound,test,
bloodhound/n02088466_4178.jpg,bloodhound,train,
bloodhound/n02088466_4385.jpg,bloodhound,train,
bloodhound/n02088466_4445.jpg,bloodhound,train,
bloodhound/n02088466_4731.jpg,bloodhound,train,
bloodhound/n02088466_4749.jpg,bloodhound,train,
bloodhound/n02088466_4825.jpg,bloodhound,val,
bloodhound/n02088466_4907.jpg,bloodhound,train,
bloodhound/n02088466_5025.jpg,bloodhound,train,
bloodhound/n02088466_5131.jpg,bloodhound,test,
bloodhound/n02088466_5212.jpg,bloodhound,train,
bloodhound/n02088466_5432.jpg,bloodhound,train,
bloodhound/n02088466_5521.jpg,bloodhound,test,
bloodhound/n02088466_5784.jpg,bloodhound,train,
bloodhound/n02088466_5832.jpg,bloodhound,val,
bloodhound/n02088466_5898.jpg,bloodhound,val,
bloodhound/n02088466_6096.jpg,bloodhound,val,
bloodhound/n02088466_6126.jpg,bloodhound,train,
bloodhound/n02088466_6160.jpg,bloodhound,val,
bloodhound/n02088466_6231.jpg,bloodhound,test,
bloodhound/n02088466_6413.jpg,bloodhound,val,
bloodhound/n02088466_6532.jpg,bloodhound,val,
bloodhound/n02088466_654.jpg,bloodhound,train,
bloodhound/n02088466_6623.jpg,bloodhound,train,
bloodhound/n02088466_6712.jpg,bloodhound,train,
bloodhound/n02088466_6775.jpg,bloodhound,test,
bloodhound/n02088466_6789.jpg,bloodhound,train,
bloodhound/n02088466_6834.jpg,bloodhound,train,
bloodhound/n02088466_6901.jpg,bloodhound,train,
bloodhound/n02088466_6963.jpg,bloodhound,val,
bloodhound/n02088466_6972.jpg,bloodhound,train,
bloodhound/n02088466_6974.jpg,bloodhound,train,
bloodhound/n02088466_6984.jpg,bloodhound,train,
bloodhound/n02088466_7002.jpg,bloodhound,train,
bloodhound/n02088466_7004.jpg,bloodhound,train,
bloodhound/n02088466_7007.jpg,bloodhound,train,
bloodhound/n02088466_7015.jpg,bloodhound,train,0
bloodhound/n02088466_7032.jpg,bloodhound,test,
bloodhound/n02088466_7046.jpg,bloodhound,train,
bloodhound/n02088466_7048.jpg,bloodhound,train,
bloodhound/n02088466_7091.jpg,bloodhound,train,
bloodhound/n02088466_7121.jpg,bloodhound,train,
bloodhound/n02088466_7162.jpg,bloodhound,val,
bloodhound/n02088466_7167.jpg,bloodhound,train,
bloodhound/n02088466_7178.jpg,bloodhound,val,
bloodhound/n02088466_7191.jpg,bloodhound,train,
bloodhound/n02088466_7195.jpg,bloodhound,train,
bloodhound/n02088466_7229.jpg,bloodhound,train,
bloodhound/n02088466_7230.jpg,bloodhound,train,
bloodhound/n02088466_7234.jpg,bloodhound,train,
bloodhound/n02088466_7244.jpg,bloodhound,train,
bloodhound/n02088466_7269.jpg,bloodhound,train,
bloodhound/n02088466_7344.jpg,bloodhound,train,
bloodhound/n02088466_7409.jpg,bloodhound,test,
bloodhound/n02088466_7417.jpg,bloodhound,train,
bloodhound/n02088466_7421.jpg,bloodhound,train,
bloodhound/n02088466_7429.jpg,bloodhound,train,
bloodhound/n02088466_7434.jpg,bloodhound,train,
bloodhound/n02088466_7462.jpg,bloodhound,train,
bloodhound/n02088466_7486.jpg,bloodhound,train,
bloodhound/n02088466_7502.jpg,bloodhound,test,
bloodhound/n02088466_7604.jpg,bloodhound,train,
bloodhound/n02088466_7606.jpg,bloodhound,val,
bloodhound/n02088466_7607.jpg,bloodhound,train,
bloodhound/n02088466_7609.jpg,bloodhound,train,
bloodhound/n02088466_7670.jpg,bloodhound,train,
bloodhound/n02088466_7703.jpg,bloodhound,test,
bloodhound/n02088466_7710.jpg,bloodhound,train,
bloodhound/n02088466_7731.jpg,bloodhound,train,
bloodhound/n02088466_7800.jpg,bloodhound,train,
bloodhound/n02088466_7801.jpg,bloodhound,test,
bloodhound/n02088466_7803.jpg,bloodhound,train,
bloodhound/n02088466_7868.jpg,bloodhound,train,
bloodhound/n02088466_7928.jpg,bloodhound,test,
bloodhound/n02088466_7962.jpg,bloodhound,train,
bloodhound/n02088466_7963.jpg,bloodhound,train,
bloodhound/n02088466_7973.jpg,bloodhound,train,
bloodhound/n02088466_8015.jpg,bloodhound,train,
bloodhound/n02088466_8032.jpg,bloodhound,train,
bloodhound/n02088466_8039.jpg,bloodhound,test,
bloodhound/n02088466_8064.jpg,bloodhound,train,
bloodhound/n02088466_8078.jpg,bloodhound,train,0
bloodhound/n02088466_8105.jpg,bloodhound,train,
bloodhound/n02088466_8144.jpg,bloodhound,test,
bloodhound/n02088466_8156.jpg,bloodhound,train,
bloodhound/n02088466_8162.jpg,bloodhound,train,
bloodhound/n02088466_8184.jpg,bloodhound,train,
bloodhound/n02088466_8201.jpg,bloodhound,train,
bloodhound/n02088466_8233.jpg,bloodhound,train,
bloodhound/n02088466_8289.jpg,bloodhound,train,
bloodhound/n02088466_8320.jpg,bloodhound,val,
bloodhound/n02088466_8335.jpg,bloodhound,test,
bloodhound/n02088466_8422.jpg,bloodhound,val,
bloodhound/n02088466_8515.jpg,bloodhound,train,
bloodhound/n02088466_8518.jpg,bloodhound,test,
bloodhound/n02088466_8575.jpg,bloodhound,test,
bloodhound/n02088466_8605.jpg,bloodhound,train,
bloodhound/n02088466_8645.jpg,bloodhound,test,
bloodhound/n02088466_8664.jpg,bloodhound,train,
bloodhound/n02088466_8754.jpg,bloodhound,test,
bloodhound/n02088466_8772.jpg,bloodhound,val,
bloodhound/n02088466_8775.jpg,bloodhound,train,
bloodhound/n02088466_8801.jpg,bloodhound,train,
bloodhound/n02088466_8807.jpg,bloodhound,train,
bloodhound/n02088466_8812.jpg,bloodhound,test,
bloodhound/n02088466_8813.jpg,bloodhound,val,
bloodhound/n02088466_8820.jpg,bloodhound,train,
bloodhound/n02088466_8821.jpg,bloodhound,train,
bloodhound/n02088466_8831.jpg,bloodhound,val,
bloodhound/n02088466_8842.jpg,bloodhound,val,
bloodhound/n02088466_8904.jpg,bloodhound,train,
bloodhound/n02088466_8926.jpg,bloodhound,train,
bloodhound/n02088466_8950.jpg,bloodhound,train,
bloodhound/n02088466_8969.jpg,bloodhound,train,
bloodhound/n02088466_8982.jpg,bloodhound,test,
bloodhound/n02088466_9023.jpg,bloodhound,train,1
bloodhound/n02088466_9029.jpg,bloodhound,train,
bloodhound/n02088466_9046.jpg,bloodhound,train,
bloodhound/n02088466_9058.jpg,bloodhound,train,
bloodhound/n02088466_9069.jpg,bloodhound,train,
bloodhound/n02088466_9096.jpg,bloodhound,train,
bloodhound/n02088466_9110.jpg,bloodhound,train,
bloodhound/n02088466_9116.jpg,bloodhound,train,
bloodhound/n02088466_9167.jpg,bloodhound,train,
bloodhound/n02088466_9191.jpg,bloodhound,train,
bloodhound/n02088466_9214.jpg,bloodhound,val,
bloodhound/n02088466_9237.jpg,bloodhound,train,
bloodhound/n02088466_9242.jpg,bloodhound,test,
bloodhound/n02088466_9245.jpg,bloodhound,train,
bloodhound/n02088466_9287.jpg,bloodhound,train,
bloodhound/n02088466_9334.jpg,bloodhound,train,
bloodhound/n02088466_9356.jpg,bloodhound,train,1
bloodhound/n02088466_9359.jpg,bloodhound,train,
bloodhound/n02088466_9360.jpg,bloodhound,val,
bloodhound/n02088466_9383.jpg,bloodhound,train,
bloodhound/n02088466_9533.jpg,bloodhound,train,
bloodhound/n02088466_9576.jpg,bloodhound,test,
bloodhound/n02088466_9579.jpg,bloodhound,train,
bloodhound/n02088466_9616.jpg,bloodhound,val,
bloodhound/n02088466_9691.jpg,bloodhound,val,
bloodhound/n02088466_9695.jpg,bloodhound,train,
bloodhound/n02088466_9697.jpg,bloodhound,train,
bloodhound/n02088466_9792.jpg,bloodhound,train,
bloodhound/n02088466_9877.jpg,bloodhound,train,
bloodhound/n02088466_9983.jpg,bloodhound,train,
border_collie/n02106166_1031.jpg,border_collie,val,
border_collie/n02106166_1032.jpg,border_collie,val,
border_collie/n02106166_1055.jpg,border_collie,train,
border_collie/n02106166_1056.jpg,border_collie,train,
border_collie/n02106166_1059.jpg,border_collie,val,
border_collie/n02106166_1128.jpg,border_collie,train,
border_collie/n02106166_1133.jpg,border_collie,train,
border_collie/n02106166_117.jpg,border_collie,train,
border_collie/n02106166_1204.jpg,border_collie,train,
border_collie/n02106166_1205.jpg,border_collie,val,
border_collie/n02106166_1236.jpg,border_collie,train,
border_collie/n02106166_1244.jpg,border_collie,test,
border_collie/n02106166_1246.jpg,border_collie,train,
border_collie/n02106166_1284.jpg,border_collie,test,
border_collie/n02106166_1311.jpg,border_collie,val,
border_collie/n02106166_135.jpg,border_collie,train,
border_collie/n02106166_1426.jpg,border_collie,val,
border_collie/n02106166_1429.jpg,border_collie,train,
border_collie/n02106166_1452.jpg,border_collie,train,
border_collie/n02106166_1460.jpg,border_collie,val,
border_collie/n02106166_1506.jpg,border_collie,val,
border_collie/n02106166_152.jpg,border_collie,train,
border_collie/n02106166_1539.jpg,border_collie,train,
border_collie/n02106166_1637.jpg,border_collie,test,
border_collie/n02106166_1663.jpg,border_collie,train,
border_collie/n02106166_1674.jpg,border_collie,train,
border_collie/n02106166_1684.jpg,border_collie,test,
border_collie/n02106166_1705.jpg,border_collie,test,
border_collie/n02106166_1729.jpg,border_collie,train,
border_collie/n02106166_1754.jpg,border_collie,test,
border_collie/n02106166_1776.jpg,border_collie,train,
border_collie/n02106166_1796.jpg,border_collie,train,
border_collie/n02106166_18.jpg,border_collie,train,
border_collie/n02106166_180.jpg,border_collie,val,
border_collie/n02106166_1822.jpg,border_collie,test,
border_collie/n02106166_1842.jpg,border_collie,train,
border_collie/n02106166_1845.jpg,border_collie,train,
border_collie/n02106166_1854.jpg,border_collie,train,
border_collie/n02106166_1874.jpg,border_collie,train,
border_collie/n02106166_1936.jpg,border_collie,test,
border_collie/n02106166_1975.jpg,border_collie,train,
border_collie/n02106166_1983.jpg,border_collie,train,
border_collie/n02106166_1990.jpg,border_collie,val,
border_collie/n02106166_2000.jpg,border_collie,train,
border_collie/n02106166_2006.jpg,border_collie,train,
border_collie/n02106166_204.jpg,border_collie,train,
border_collie/n02106166_2043.jpg,border_collie,train,
border_collie/n02106166_2072.jpg,border_collie,val,
border_collie/n02106166_2111.jpg,border_collie,train,
border_collie/n02106166_2186.jpg,border_collie,train,
border_collie/n02106166_2198.jpg,border_collie,train,
border_collie/n02106166_2345.jpg,border_collie,train,
border_collie/n02106166_2419.jpg,border_collie,test,
border_collie/n02106166_243.jpg,border_collie,test,
border_collie/n02106166_2458.jpg,border_collie,val,
border_collie/n02106166_2477.jpg,border_collie,train,
border_collie/n02106166_2595.jpg,border_collie,val,
border_collie/n02106166_2596.jpg,border_collie,train,
border_collie/n02106166_26.jpg,border_collie,train,
border_collie/n02106166_2660.jpg,border_collie,train,
border_collie/n02106166_2685.jpg,border_collie,train,
border_collie/n02106166_2837.jpg,border_collie,train,
border_collie/n02106166_2961.jpg,border_collie,train,
border_collie/n02106166_2996.jpg,border_collie,train,
border_collie/n02106166_3019.jpg,border_collie,test,
border_collie/n02106166_3033.jpg,border_collie,train,
border_collie/n02106166_321.jpg,border_collie,train,
border_collie/n02106166_324.jpg,border_collie,test,
border_collie/n02106166_3253.jpg,border_collie,train,
border_collie/n02106166_3296.jpg,border_collie,test,
border_collie/n02106166_331.jpg,border_collie,test,
border_collie/n02106166_3395.jpg,border_collie,val,
border_collie/n02106166_340.jpg,border_collie,test,
border_collie/n02106166_3416.jpg,border_collie,train,
border_collie/n02106166_3429.jpg,border_collie,train,
border_collie/n02106166_3434.jpg,border_collie,train,
border_collie/n02106166_3447.jpg,border_collie,test,
border_collie/n02106166_346.jpg,border_collie,train,
border_collie/n02106166_3473.jpg,border_collie,train,
border_collie/n02106166_3515.jpg,border_collie,train,
border_collie/n02106166_355.jpg,border_collie,train,
border_collie/n02106166_361.jpg,border_collie,val,
border_collie/n02106166_3850.jpg,border_collie,train,
border_collie/n02106166_3865.jpg,border_collie,train,
border_collie/n02106166_3882.jpg,border_collie,train,
border_collie/n02106166_3996.jpg,border_collie,train,
border_collie/n02106166_401.jpg,border_collie,train,
border_collie/n02106166_402.jpg,border_collie,test,
border_collie/n02106166_4107.jpg,border_collie,val,
border_collie/n02106166_416.jpg,border_collie,train,
border_collie/n02106166_4412.jpg,border_collie,val,
border_collie/n02106166_4450.jpg,border_collie,train,
border_collie/n02106166_459.jpg,border_collie,train,
border_collie/n02106166_4625.jpg,border_collie,train,
border_collie/n02106166_470.jpg,border_collie,val,
border_collie/n02106166_4733.jpg,border_collie,train,
border_collie/n02106166_4753.jpg,border_collie,train,
border_collie/n02106166_476.jpg,border_collie,train,
border_collie/n02106166_4957.jpg,border_collie,val,
border_collie/n02106166_4966.jpg,border_collie,train,
border_collie/n02106166_5.jpg,border_collie,train,
border_collie/n02106166_5047.jpg,border_collie,train,
border_collie/n02106166_5057.jpg,border_collie,train,
border_collie/n02106166_5073.jpg,border_collie,train,
border_collie/n02106166_5097.jpg,border_collie,train,
border_collie/n02106166_549.jpg,border_collie,train,
border_collie/n02106166_5607.jpg,border_collie,val,
border_collie/n02106166_5818.jpg,border_collie,train,
border_collie/n02106166_5869.jpg,border_collie,test,
border_collie/n02106166_59.jpg,border_collie,train,
border_collie/n02106166_6084.jpg,border_collie,train,
border_collie/n02106166_615.jpg,border_collie,train,
border_collie/n02106166_6415.jpg,border_collie,train,
border_collie/n02106166_6437.jpg,border_collie,train,
border_collie/n02106166_6512.jpg,border_collie,train,
border_collie/n02106166_654.jpg,border_collie,train,
border_collie/n02106166_6545.jpg,border_collie,train,
border_collie/n02106166_6569.jpg,border_collie,train,
border_collie/n02106166_6659.jpg,border_collie,train,
border_collie/n02106166_6698.jpg,border_collie,train,
border_collie/n02106166_6710.jpg,border_collie,train,
border_collie/n02106166_678.jpg,border_collie,train,
border_collie/n02106166_6824.jpg,border_collie,train,
border_collie/n02106166_6833.jpg,border_collie,train,
border_collie/n02106166_685.jpg,border_collie,train,
border_collie/n02106166_6879.jpg,border_collie,test,
border_collie/n02106166_7.jpg,border_collie,train,
border_collie/n02106166_7074.jpg,border_collie,train,
border_collie/n02106166_7105.jpg,border_collie,val,
border_collie/n02106166_7282.jpg,border_collie,test,
border_collie/n02106166_731.jpg,border_collie,train,
border_collie/n02106166_7329.jpg,border_collie,train,
border_collie/n02106166_739.jpg,border_collie,train,
border_collie/n02106166_7447.jpg,border_collie,train,
border_collie/n02106166_7454.jpg,border_collie,train,
border_collie/n02106166_75.jpg,border_collie,train,
border_collie/n02106166_7543.jpg,border_collie,train,
border_collie/n02106166_76.jpg,border_collie,train,
border_collie/n02106166_7803.jpg,border_collie,train,
border_collie/n02106166_7804.jpg,border_collie,train,
border_collie/n02106166_8037.jpg,border_collie,val,
border_collie/n02106166_8068.jpg,border_collie,test,
border_collie/n02106166_855.jpg,border_collie,train,
border_collie/n02106166_884.jpg,border_collie,train,
border_collie/n02106166_90.jpg,border_collie,train,
border_collie/n02106166_913.jpg,border_collie,test,
border_collie/n02106166_924.jpg,border_collie,train,
border_collie/n02106166_930.jpg,border_collie,train,
border_collie/n02106166_943.jpg,border_collie,train,
border_collie/n02106166_950.jpg,border_collie,test,
doberman/n02107142_10009.jpg,doberman,test,
doberman/n02107142_10036.jpg,doberman,train,
doberman/n02107142_10070.jpg,doberman,train,
doberman/n02107142_10647.jpg,doberman,val,
doberman/n02107142_1073.jpg,doberman,train,
doberman/n02107142_1074.jpg,doberman,val,
doberman/n02107142_10952.jpg,doberman,train,
doberman/n02107142_11042.jpg,doberman,train,
doberman/n02107142_11226.jpg,doberman,train,
doberman/n02107142_11493.jpg,doberman,val,
doberman/n02107142_11717.jpg,doberman,train,
doberman/n02107142_11757.jpg,doberman,train,
doberman/n02107142_1193.jpg,doberman,train,
doberman/n02107142_12076.jpg,doberman,train,
doberman/n02107142_12182.jpg,doberman,train,
doberman/n02107142_12191.jpg,doberman,train,
doberman/n02107142_12488.jpg,doberman,train,
doberman/n02107142_1251.jpg,doberman,train,
doberman/n02107142_12739.jpg,doberman,val,
doberman/n02107142_12749.jpg,doberman,train,
doberman/n02107142_13011.jpg,doberman,train,
doberman/n02107142_1306.jpg,doberman,test,
doberman/n02107142_13356.jpg,doberman,train,
doberman/n02107142_13483.jpg,doberman,test,
doberman/n02107142_13677.jpg,doberman,train,
doberman/n02107142_14066.jpg,doberman,val,
doberman/n02107142_14425.jpg,doberman,train,
doberman/n02107142_14636.jpg,doberman,train,
doberman/n02107142_14813.jpg,doberman,val,
doberman/n02107142_15003.jpg,doberman,train,
doberman/n02107142_15334.jpg,doberman,val,
doberman/n02107142_15377.jpg,doberman,val,
doberman/n02107142_15436.jpg,doberman,train,
doberman/n02107142_15810.jpg,doberman,train,
doberman/n02107142_15936.jpg,doberman,train,
doberman/n02107142_16217.jpg,doberman,train,
doberman/n02107142_16316.jpg,doberman,train,
doberman/n02107142_16400.jpg,doberman,train,
doberman/n02107142_16424.jpg,doberman,train,
doberman/n02107142_16429.jpg,doberman,val,
doberman/n02107142_16512.jpg,doberman,train,
doberman/n02107142_16917.jpg,doberman,train,
doberman/n02107142_1694.jpg,doberman,train,
doberman/n02107142_17111.jpg,doberman,test,
doberman/n02107142_17147.jpg,doberman,test,
doberman/n02107142_17450.jpg,doberman,train,
doberman/n02107142_17564.jpg,doberman,train,
doberman/n02107142_17575.jpg,doberman,train,
doberman/n02107142_17788.jpg,doberman,train,
doberman/n02107142_17899.jpg,doberman,train,
doberman/n02107142_18020.jpg,doberman,train,
doberman/n02107142_18196.jpg,doberman,train,
doberman/n02107142_18214.jpg,doberman,train,
doberman/n02107142_18413.jpg,doberman,test,
doberman/n02107142_18582.jpg,doberman,test,
doberman/n02107142_18610.jpg,doberman,train,
doberman/n02107142_18779.jpg,doberman,train,
doberman/n02107142_1886.jpg,doberman,train,
doberman/n02107142_1901.jpg,doberman,val,
doberman/n02107142_208.jpg,doberman,train,
doberman/n02107142_21.jpg,doberman,val,
doberman/n02107142_2153.jpg,doberman,train,
doberman/n02107142_2213.jpg,doberman,train,
doberman/n02107142_2314.jpg,doberman,train,
doberman/n02107142_2418.jpg,doberman,train,
doberman/n02107142_248.jpg,doberman,train,
doberman/n02107142_2553.jpg,doberman,train,
doberman/n02107142_2654.jpg,doberman,train,
doberman/n02107142_2779.jpg,doberman,train,
doberman/n02107142_278.jpg,doberman,train,
doberman/n02107142_30.jpg,doberman,train,
doberman/n02107142_3033.jpg,doberman,train,
doberman/n02107142_3073.jpg,doberman,test,
doberman/n02107142_3094.jpg,doberman,test,
doberman/n02107142_3171.jpg,doberman,train,
doberman/n02107142_3227.jpg,doberman,train,
doberman/n02107142_3236.jpg,doberman,train,
doberman/n02107142_34.jpg,doberman,test,
doberman/n02107142_3412.jpg,doberman,val,
doberman/n02107142_3488.jpg,doberman,train,
doberman/n02107142_3556.jpg,doberman,val,
doberman/n02107142_3575.jpg,doberman,train,
doberman/n02107142_3621.jpg,doberman,test,
doberman/n02107142_3709.jpg,doberman,train,
doberman/n02107142_3741.jpg,doberman,train,
doberman/n02107142_385.jpg,doberman,test,
doberman/n02107142_4013.jpg,doberman,val,
doberman/n02107142_4017.jpg,doberman,train,
doberman/n02107142_413.jpg,doberman,train,
doberman/n02107142_4148.jpg,doberman,train,
doberman/n02107142_4255.jpg,doberman,train,
doberman/n02107142_4314.jpg,doberman,train,
doberman/n02107142_4462.jpg,doberman,train,
doberman/n02107142_4632.jpg,doberman,train,
doberman/n02107142_4653.jpg,doberman,train,
doberman/n02107142_4663.jpg,doberman,train,
doberman/n02107142_4725.jpg,doberman,val,
doberman/n02107142_473.jpg,doberman,test,
doberman/n02107142_4763.jpg,doberman,val,
doberman/n02107142_4790.jpg,doberman,train,
doberman/n02107142_5144.jpg,doberman,train,
doberman/n02107142_5166.jpg,doberman,train,
doberman/n02107142_5181.jpg,doberman,train,
doberman/n02107142_5196.jpg,doberman,test,
doberman/n02107142_5284.jpg,doberman,val,
doberman/n02107142_5296.jpg,doberman,train,
doberman/n02107142_534.jpg,doberman,train,
doberman/n02107142_5395.jpg,doberman,train,
doberman/n02107142_5517.jpg,doberman,val,
doberman/n02107142_5570.jpg,doberman,train,
doberman/n02107142_5663.jpg,doberman,test,
doberman/n02107142_5766.jpg,doberman,train,
doberman/n02107142_5783.jpg,doberman,train,
doberman/n02107142_607.jpg,doberman,test,
doberman/n02107142_6383.jpg,doberman,train,
doberman/n02107142_6395.jpg,doberman,train,
doberman/n02107142_6439.jpg,doberman,train,
doberman/n02107142_6816.jpg,doberman,train,
doberman/n02107142_6859.jpg,doberman,train,
doberman/n02107142_699.jpg,doberman,test,
doberman/n02107142_7102.jpg,doberman,train,
doberman/n02107142_7143.jpg,doberman,test,
doberman/n02107142_7205.jpg,doberman,train,
doberman/n02107142_7206.jpg,doberman,train,
doberman/n02107142_7237.jpg,doberman,train,
doberman/n02107142_7238.jpg,doberman,train,
doberman/n02107142_7300.jpg,doberman,train,
doberman/n02107142_7311.jpg,doberman,train,
doberman/n02107142_7402.jpg,doberman,train,
doberman/n02107142_7459.jpg,doberman,train,
doberman/n02107142_7703.jpg,doberman,test,
doberman/n02107142_7731.jpg,doberman,train,
doberman/n02107142_7841.jpg,doberman,val,
doberman/n02107142_788.jpg,doberman,train,
doberman/n02107142_790.jpg,doberman,train,
doberman/n02107142_814.jpg,doberman,train,
doberman/n02107142_8331.jpg,doberman,test,
doberman/n02107142_8399.jpg,doberman,train,
doberman/n02107142_8437.jpg,doberman,train,
doberman/n02107142_8568.jpg,doberman,train,
doberman/n02107142_8675.jpg,doberman,test,
doberman/n02107142_8834.jpg,doberman,val,
doberman/n02107142_9090.jpg,doberman,train,
doberman/n02107142_9282.jpg,doberman,train,
doberman/n02107142_9362.jpg,doberman,val,
doberman/n02107142_9379.jpg,doberman,test,
doberman/n02107142_9597.jpg,doberman,test,
doberman/n02107142_9621.jpg,doberman,val,
doberman/n02107142_971.jpg,doberman,train,
doberman/n02107142_9772.jpg,doberman,train,
german_shepherd/n02106662_10122.jpg,german_shepherd,train,
german_shepherd/n02106662_10338.jpg,german_shepherd,train,
german_shepherd/n02106662_104.jpg,german_shepherd,val,
german_shepherd/n02106662_10490.jpg,german_shepherd,val,
german_shepherd/n02106662_10552.jpg,german_shepherd,test,
german_shepherd/n02106662_10676.jpg,german_shepherd,train,
german_shepherd/n02106662_10715.jpg,german_shepherd,train,
german_shepherd/n02106662_10858.jpg,german_shepherd,train,
german_shepherd/n02106662_1094.jpg,german_shepherd,train,
german_shepherd/n02106662_11620.jpg,german_shepherd,train,
german_shepherd/n02106662_11808.jpg,german_shepherd,val,
german_shepherd/n02106662_12028.jpg,german_shepherd,train,
german_shepherd/n02106662_12116.jpg,german_shepherd,test,
german_shepherd/n02106662_12906.jpg,german_shepherd,test,
german_shepherd/n02106662_12969.jpg,german_shepherd,val,
german_shepherd/n02106662_13050.jpg,german_shepherd,train,
german_shepherd/n02106662_13123.jpg,german_shepherd,val,
german_shepherd/n02106662_13178.jpg,german_shepherd,val,
german_shepherd/n02106662_13368.jpg,german_shepherd,train,
german_shepherd/n02106662_13380.jpg,german_shepherd,val,
german_shepherd/n02106662_13599.jpg,german_shepherd,test,
german_shepherd/n02106662_13904.jpg,german_shepherd,test,
german_shepherd/n02106662_13912.jpg,german_shepherd,train,
german_shepherd/n02106662_14247.jpg,german_shepherd,train,
german_shepherd/n02106662_1451.jpg,german_shepherd,train,
german_shepherd/n02106662_146.jpg,german_shepherd,val,
german_shepherd/n02106662_14842.jpg,german_shepherd,train,
german_shepherd/n02106662_14930.jpg,german_shepherd,val,
german_shepherd/n02106662_15107.jpg,german_shepherd,train,
german_shepherd/n02106662_15398.jpg,german_shepherd,train,
german_shepherd/n02106662_15429.jpg,german_shepherd,val,
german_shepherd/n02106662_15647.jpg,german_shepherd,val,
german_shepherd/n02106662_15666.jpg,german_shepherd,val,
german_shepherd/n02106662_15813.jpg,german_shepherd,train,
german_shepherd/n02106662_15858.jpg,german_shepherd,test,
german_shepherd/n02106662_16014.jpg,german_shepherd,train,
german_shepherd/n02106662_16129.jpg,german_shepherd,train,
german_shepherd/n02106662_16149.jpg,german_shepherd,train,
german_shepherd/n02106662_16163.jpg,german_shepherd,train,
german_shepherd/n02106662_16342.jpg,german_shepherd,train,
german_shepherd/n02106662_1637.jpg,german_shepherd,train,
german_shepherd/n02106662_16418.jpg,german_shepherd,train,
german_shepherd/n02106662_16817.jpg,german_shepherd,train,
german_shepherd/n02106662_16891.jpg,german_shepherd,train,
german_shepherd/n02106662_17240.jpg,german_shepherd,train,
german_shepherd/n02106662_17446.jpg,german_shepherd,train,
german_shepherd/n02106662_17449.jpg,german_shepherd,test,
german_shepherd/n02106662_18065.jpg,german_shepherd,val,
german_shepherd/n02106662_18113.jpg,german_shepherd,train,
german_shepherd/n02106662_1812.jpg,german_shepherd,train,
german_shepherd/n02106662_18268.jpg,german_shepherd,train,
german_shepherd/n02106662_18405.jpg,german_shepherd,train,
german_shepherd/n02106662_1841.jpg,german_shepherd,train,
german_shepherd/n02106662_18922.jpg,german_shepherd,train,
german_shepherd/n02106662_19641.jpg,german_shepherd,test,
german_shepherd/n02106662_19720.jpg,german_shepherd,train,
german_shepherd/n02106662_19791.jpg,german_shepherd,train,
german_shepherd/n02106662_19801.jpg,german_shepherd,test,
german_shepherd/n02106662_20036.jpg,german_shepherd,train,
german_shepherd/n02106662_20546.jpg,german_shepherd,val,
german_shepherd/n02106662_2058.jpg,german_shepherd,val,
german_shepherd/n02106662_20711.jpg,german_shepherd,train,
german_shepherd/n02106662_20732.jpg,german_shepherd,train,
german_shepherd/n02106662_21094.jpg,german_shepherd,train,
german_shepherd/n02106662_21348.jpg,german_shepherd,test,
german_shepherd/n02106662_21432.jpg,german_shepherd,train,
german_shepherd/n02106662_21715.jpg,german_shepherd,test,
german_shepherd/n02106662_22245.jpg,german_shepherd,train,
german_shepherd/n02106662_22394.jpg,german_shepherd,train,
german_shepherd/n02106662_22456.jpg,german_shepherd,train,
german_shepherd/n02106662_22730.jpg,german_shepherd,train,
german_shepherd/n02106662_22764.jpg,german_shepherd,test,
german_shepherd/n02106662_22854.jpg,german_shepherd,val,
german_shepherd/n02106662_23196.jpg,german_shepherd,train,
german_shepherd/n02106662_23360.jpg,german_shepherd,train,
german_shepherd/n02106662_2337.jpg,german_shepherd,train,
german_shepherd/n02106662_2358.jpg,german_shepherd,train,
german_shepherd/n02106662_23691.jpg,german_shepherd,train,
german_shepherd/n02106662_23996.jpg,german_shepherd,train,
german_shepherd/n02106662_24110.jpg,german_shepherd,val,
german_shepherd/n02106662_24577.jpg,german_shepherd,train,
german_shepherd/n02106662_24758.jpg,german_shepherd,train,
german_shepherd/n02106662_24768.jpg,german_shepherd,train,
german_shepherd/n02106662_24774.jpg,german_shepherd,test,
german_shepherd/n02106662_24786.jpg,german_shepherd,train,
german_shepherd/n02106662_248.jpg,german_shepherd,val,
german_shepherd/n02106662_25775.jpg,german_shepherd,test,
german_shepherd/n02106662_25917.jpg,german_shepherd,train,
german_shepherd/n02106662_25986.jpg,german_shepherd,train,
german_shepherd/n02106662_2631.jpg,german_shepherd,test,
german_shepherd/n02106662_26335.jpg,german_shepherd,train,
german_shepherd/n02106662_26549.jpg,german_shepherd,train,
german_shepherd/n02106662_2659.jpg,german_shepherd,train,
german_shepherd/n02106662_27186.jpg,german_shepherd,train,
german_shepherd/n02106662_27251.jpg,german_shepherd,train,
german_shepherd/n02106662_27393.jpg,german_shepherd,train,
german_shepherd/n02106662_2740.jpg,german_shepherd,val,
german_shepherd/n02106662_2753.jpg,german_shepherd,test,
german_shepherd/n02106662_2810.jpg,german_shepherd,val,
german_shepherd/n02106662_2884.jpg,german_shepherd,train,
german_shepherd/n02106662_2924.jpg,german_shepherd,train,
german_shepherd/n02106662_29517.jpg,german_shepherd,train,
german_shepherd/n02106662_3116.jpg,german_shepherd,train,
german_shepherd/n02106662_320.jpg,german_shepherd,train,
german_shepherd/n02106662_3260.jpg,german_shepherd,train,
german_shepherd/n02106662_3431.jpg,german_shepherd,train,
german_shepherd/n02106662_3781.jpg,german_shepherd,train,
german_shepherd/n02106662_3815.jpg,german_shepherd,test,
german_shepherd/n02106662_3953.jpg,german_shepherd,train,
german_shepherd/n02106662_4021.jpg,german_shepherd,test,
german_shepherd/n02106662_4059.jpg,german_shepherd,train,
german_shepherd/n02106662_4201.jpg,german_shepherd,train,
german_shepherd/n02106662_4402.jpg,german_shepherd,train,
german_shepherd/n02106662_4498.jpg,german_shepherd,train,
german_shepherd/n02106662_4522.jpg,german_shepherd,train,
german_shepherd/n02106662_466.jpg,german_shepherd,train,
german_shepherd/n02106662_5169.jpg,german_shepherd,test,
german_shepherd/n02106662_5795.jpg,german_shepherd,train,
german_shepherd/n02106662_590.jpg,german_shepherd,test,
german_shepherd/n02106662_5929.jpg,german_shepherd,train,
german_shepherd/n02106662_597.jpg,german_shepherd,test,
german_shepherd/n02106662_6088.jpg,german_shepherd,val,
german_shepherd/n02106662_620.jpg,german_shepherd,train,
german_shepherd/n02106662_6443.jpg,german_shepherd,train,
german_shepherd/n02106662_662.jpg,german_shepherd,train,
german_shepherd/n02106662_684.jpg,german_shepherd,train,
german_shepherd/n02106662_6889.jpg,german_shepherd,train,
german_shepherd/n02106662_6931.jpg,german_shepherd,train,
german_shepherd/n02106662_695.jpg,german_shepherd,train,
german_shepherd/n02106662_6966.jpg,german_shepherd,train,
german_shepherd/n02106662_712.jpg,german_shepherd,val,
german_shepherd/n02106662_7122.jpg,german_shepherd,train,
german_shepherd/n02106662_7168.jpg,german_shepherd,train,
german_shepherd/n02106662_7212.jpg,german_shepherd,train,
german_shepherd/n02106662_7238.jpg,german_shepherd,train,
german_shepherd/n02106662_7313.jpg,german_shepherd,train,
german_shepherd/n02106662_7545.jpg,german_shepherd,val,
german_shepherd/n02106662_7885.jpg,german_shepherd,train,
german_shepherd/n02106662_7960.jpg,german_shepherd,train,
german_shepherd/n02106662_8002.jpg,german_shepherd,train,
german_shepherd/n02106662_808.jpg,german_shepherd,train,
german_shepherd/n02106662_8246.jpg,german_shepherd,train,
german_shepherd/n02106662_855.jpg,german_shepherd,train,
german_shepherd/n02106662_8870.jpg,german_shepherd,test,
german_shepherd/n02106662_9226.jpg,german_shepherd,test,
german_shepherd/n02106662_9292.jpg,german_shepherd,train,
german_shepherd/n02106662_9481.jpg,german_shepherd,train,
german_shepherd/n02106662_9556.jpg,german_shepherd,train,
german_shepherd/n02106662_9625.jpg,german_shepherd,train,
german_shepherd/n02106662_9735.jpg,german_shepherd,train,
german_shepherd/n02106662_9936.jpg,german_shepherd,train,
german_shepherd/n02106662_9994.jpg,german_shepherd,train,
golden_retriever/n02099601_10.jpg,golden_retriever,train,
golden_retriever/n02099601_100.jpg,golden_retriever,val,
golden_retriever/n02099601_1010.jpg,golden_retriever,train,
golden_retriever/n02099601_1028.jpg,golden_retriever,train,
golden_retriever/n02099601_109.jpg,golden_retriever,train,
golden_retriever/n02099601_1162.jpg,golden_retriever,train,
golden_retriever/n02099601_118.jpg,golden_retriever,train,
golden_retriever/n02099601_124.jpg,golden_retriever,train,
golden_retriever/n02099601_1249.jpg,golden_retriever,train,
golden_retriever/n02099601_1259.jpg,golden_retriever,train,
golden_retriever/n02099601_1324.jpg,golden_retriever,train,
golden_retriever/n02099601_14.jpg,golden_retriever,train,
golden_retriever/n02099601_142.jpg,golden_retriever,val,
golden_retriever/n02099601_1442.jpg,golden_retriever,train,
golden_retriever/n02099601_1454.jpg,golden_retriever,train,
golden_retriever/n02099601_146.jpg,golden_retriever,train,
golden_retriever/n02099601_1580.jpg,golden_retriever,val,
golden_retriever/n02099601_1633.jpg,golden_retriever,train,
golden_retriever/n02099601_1743.jpg,golden_retriever,train,
golden_retriever/n02099601_176.jpg,golden_retriever,train,
golden_retriever/n02099601_1768.jpg,golden_retriever,train,
golden_retriever/n02099601_2029.jpg,golden_retriever,train,
golden_retriever/n02099601_2076.jpg,golden_retriever,val,
golden_retriever/n02099601_215.jpg,golden_retriever,train,
golden_retriever/n02099601_2295.jpg,golden_retriever,val,
golden_retriever/n02099601_2358.jpg,golden_retriever,train,
golden_retriever/n02099601_2359.jpg,golden_retriever,train,
golden_retriever/n02099601_238.jpg,golden_retriever,train,
golden_retriever/n02099601_2408.jpg,golden_retriever,train,
golden_retriever/n02099601_2422.jpg,golden_retriever,val,
golden_retriever/n02099601_2440.jpg,golden_retriever,test,
golden_retriever/n02099601_2495.jpg,golden_retriever,train,
golden_retriever/n02099601_2536.jpg,golden_retriever,train,
golden_retriever/n02099601_2663.jpg,golden_retriever,train,
golden_retriever/n02099601_2688.jpg,golden_retriever,train,
golden_retriever/n02099601_2691.jpg,golden_retriever,val,
golden_retriever/n02099601_2796.jpg,golden_retriever,val,
golden_retriever/n02099601_280.jpg,golden_retriever,val,
golden_retriever/n02099601_281.jpg,golden_retriever,val,
golden_retriever/n02099601_286.jpg,golden_retriever,train,
golden_retriever/n02099601_2980.jpg,golden_retriever,train,
golden_retriever/n02099601_2994.jpg,golden_retriever,train,
golden_retriever/n02099601_3004.jpg,golden_retriever,train,
golden_retriever/n02099601_3007.jpg,golden_retriever,train,
golden_retriever/n02099601_304.jpg,golden_retriever,train,
golden_retriever/n02099601_3073.jpg,golden_retriever,train,
golden_retriever/n02099601_308.jpg,golden_retriever,val,
golden_retriever/n02099601_3097.jpg,golden_retriever,test,
golden_retriever/n02099601_3111.jpg,golden_retriever,train,
golden_retriever/n02099601_3202.jpg,golden_retriever,test,
golden_retriever/n02099601_3262.jpg,golden_retriever,train,
golden_retriever/n02099601_3327.jpg,golden_retriever,train,
golden_retriever/n02099601_3360.jpg,golden_retriever,train,
golden_retriever/n02099601_3388.jpg,golden_retriever,train,
golden_retriever/n02099601_3414.jpg,golden_retriever,train,
golden_retriever/n02099601_342.jpg,golden_retriever,test,
golden_retriever/n02099601_345.jpg,golden_retriever,train,
golden_retriever/n02099601_3494.jpg,golden_retriever,train,
golden_retriever/n02099601_3508.jpg,golden_retriever,train,
golden_retriever/n02099601_3569.jpg,golden_retriever,test,
golden_retriever/n02099601_3666.jpg,golden_retriever,train,
golden_retriever/n02099601_3720.jpg,golden_retriever,val,
golden_retriever/n02099601_3738.jpg,golden_retriever,train,
golden_retriever/n02099601_3853.jpg,golden_retriever,train,
golden_retriever/n02099601_3869.jpg,golden_retriever,test,
golden_retriever/n02099601_4005.jpg,golden_retriever,train,
golden_retriever/n02099601_4241.jpg,golden_retriever,train,
golden_retriever/n02099601_4256.jpg,golden_retriever,val,
golden_retriever/n02099601_4312.jpg,golden_retriever,val,
golden_retriever/n02099601_447.jpg,golden_retriever,test,
golden_retriever/n02099601_4651.jpg,golden_retriever,train,
golden_retriever/n02099601_4678.jpg,golden_retriever,train,
golden_retriever/n02099601_473.jpg,golden_retriever,train,
golden_retriever/n02099601_4843.jpg,golden_retriever,train,
golden_retriever/n02099601_4933.jpg,golden_retriever,train,
golden_retriever/n02099601_5.jpg,golden_retriever,val,
golden_retriever/n02099601_5051.jpg,golden_retriever,val,
golden_retriever/n02099601_5132.jpg,golden_retriever,train,
golden_retriever/n02099601_5160.jpg,golden_retriever,test,
golden_retriever/n02099601_5188.jpg,golden_retriever,train,
golden_retriever/n02099601_5240.jpg,golden_retriever,test,
golden_retriever/n02099601_5366.jpg,golden_retriever,train,
golden_retriever/n02099601_544.jpg,golden_retriever,train,
golden_retriever/n02099601_5452.jpg,golden_retriever,train,
golden_retriever/n02099601_5453.jpg,golden_retriever,test,
golden_retriever/n02099601_5544.jpg,golden_retriever,train,
golden_retriever/n02099601_5642.jpg,golden_retriever,train,
golden_retriever/n02099601_5655.jpg,golden_retriever,train,
golden_retriever/n02099601_5679.jpg,golden_retriever,test,
golden_retriever/n02099601_569.jpg,golden_retriever,train,
golden_retriever/n02099601_5709.jpg,golden_retriever,test,
golden_retriever/n02099601_5736.jpg,golden_retriever,train,
golden_retriever/n02099601_5764.jpg,golden_retriever,val,
golden_retriever/n02099601_5857.jpg,golden_retriever,train,
golden_retriever/n02099601_5876.jpg,golden_retriever,test,
golden_retriever/n02099601_5893.jpg,golden_retriever,train,
golden_retriever/n02099601_6099.jpg,golden_retriever,train,
golden_retriever/n02099601_6105.jpg,golden_retriever,val,
golden_retriever/n02099601_6139.jpg,golden_retriever,train,
golden_retriever/n02099601_6194.jpg,golden_retriever,train,
golden_retriever/n02099601_6233.jpg,golden_retriever,train,
golden_retriever/n02099601_6318.jpg,golden_retriever,train,
golden_retriever/n02099601_6331.jpg,golden_retriever,train,
golden_retriever/n02099601_6338.jpg,golden_retriever,train,
golden_retriever/n02099601_6577.jpg,golden_retriever,train,
golden_retriever/n02099601_67.jpg,golden_retriever,train,
golden_retriever/n02099601_6726.jpg,golden_retriever,val,
golden_retriever/n02099601_6772.jpg,golden_retriever,train,
golden_retriever/n02099601_6814.jpg,golden_retriever,test,
golden_retriever/n02099601_6820.jpg,golden_retriever,train,
golden_retriever/n02099601_6867.jpg,golden_retriever,train,
golden_retriever/n02099601_6980.jpg,golden_retriever,train,
golden_retriever/n02099601_70.jpg,golden_retriever,train,
golden_retriever/n02099601_7019.jpg,golden_retriever,train,
golden_retriever/n02099601_7037.jpg,golden_retriever,train,
golden_retriever/n02099601_704.jpg,golden_retriever,train,
golden_retriever/n02099601_7119.jpg,golden_retriever,test,
golden_retriever/n02099601_7123.jpg,golden_retriever,train,
golden_retriever/n02099601_7227.jpg,golden_retriever,train,
golden_retriever/n02099601_7304.jpg,golden_retriever,train,
golden_retriever/n02099601_7312.jpg,golden_retriever,train,
golden_retriever/n02099601_7387.jpg,golden_retriever,test,
golden_retriever/n02099601_7432.jpg,golden_retriever,train,
golden_retriever/n02099601_7437.jpg,golden_retriever,train,
golden_retriever/n02099601_7588.jpg,golden_retriever,val,
golden_retriever/n02099601_7654.jpg,golden_retriever,train,
golden_retriever/n02099601_7706.jpg,golden_retriever,train,
golden_retriever/n02099601_7709.jpg,golden_retriever,train,
golden_retriever/n02099601_7744.jpg,golden_retriever,train,
golden_retriever/n02099601_7771.jpg,golden_retriever,train,
golden_retriever/n02099601_7780.jpg,golden_retriever,train,
golden_retriever/n02099601_78.jpg,golden_retriever,train,
golden_retriever/n02099601_7803.jpg,golden_retriever,test,
golden_retriever/n02099601_7807.jpg,golden_retriever,test,
golden_retriever/n02099601_7916.jpg,golden_retriever,train,
golden_retriever/n02099601_7930.jpg,golden_retriever,test,
golden_retriever/n02099601_7993.jpg,golden_retriever,train,
golden_retriever/n02099601_8005.jpg,golden_retriever,train,
golden_retriever/n02099601_816.jpg,golden_retriever,train,
golden_retriever/n02099601_8181.jpg,golden_retriever,val,
golden_retriever/n02099601_825.jpg,golden_retriever,test,
golden_retriever/n02099601_831.jpg,golden_retriever,test,
golden_retriever/n02099601_8429.jpg,golden_retriever,train,
golden_retriever/n02099601_846.jpg,golden_retriever,train,
golden_retriever/n02099601_864.jpg,golden_retriever,train,
golden_retriever/n02099601_8764.jpg,golden_retriever,train,
golden_retriever/n02099601_9153.jpg,golden_retriever,train,
golden_retriever/n02099601_9301.jpg,golden_retriever,val,
golden_retriever/n02099601_9504.jpg,golden_retriever,test,
golden_retriever/n02099601_9518.jpg,golden_retriever,test,
maltese/n02085936_10073.jpg,maltese,val,
maltese/n02085936_10130.jpg,maltese,train,
maltese/n02085936_10148.jpg,maltese,train,
maltese/n02085936_10197.jpg,maltese,train,
maltese/n02085936_10199.jpg,maltese,train,
maltese/n02085936_10273.jpg,maltese,test,
maltese/n02085936_10297.jpg,maltese,test,
maltese/n02085936_10307.jpg,maltese,train,
maltese/n02085936_10377.jpg,maltese,train,
maltese/n02085936_10397.jpg,maltese,val,2
maltese/n02085936_10447.jpg,maltese,test,
maltese/n02085936_10610.jpg,maltese,train,
maltese/n02085936_10625.jpg,maltese,train,
maltese/n02085936_10646.jpg,maltese,train,
maltese/n02085936_10661.jpg,maltese,train,
maltese/n02085936_10719.jpg,maltese,train,
maltese/n02085936_11541.jpg,maltese,train,
maltese/n02085936_1155.jpg,maltese,train,
maltese/n02085936_11653.jpg,maltese,train,
maltese/n02085936_11744.jpg,maltese,train,
maltese/n02085936_1244.jpg,maltese,test,
maltese/n02085936_1247.jpg,maltese,train,
maltese/n02085936_126.jpg,maltese,val,
maltese/n02085936_1288.jpg,maltese,test,
maltese/n02085936_13013.jpg,maltese,train,
maltese/n02085936_1325.jpg,maltese,train,
maltese/n02085936_13378.jpg,maltese,val,
maltese/n02085936_137.jpg,maltese,train,
maltese/n02085936_1390.jpg,maltese,train,
maltese/n02085936_13944.jpg,maltese,val,
maltese/n02085936_1424.jpg,maltese,train,
maltese/n02085936_14432.jpg,maltese,train,
maltese/n02085936_14595.jpg,maltese,train,
maltese/n02085936_1515.jpg,maltese,train,
maltese/n02085936_1549.jpg,maltese,train,
maltese/n02085936_1556.jpg,maltese,train,
maltese/n02085936_16014.jpg,maltese,train,
maltese/n02085936_16188.jpg,maltese,train,
maltese/n02085936_16190.jpg,maltese,train,
maltese/n02085936_16331.jpg,maltese,train,
maltese/n02085936_16355.jpg,maltese,train,
maltese/n02085936_16565.jpg,maltese,val,
maltese/n02085936_16998.jpg,maltese,train,
maltese/n02085936_17059.jpg,maltese,train,
maltese/n02085936_17116.jpg,maltese,test,
maltese/n02085936_1739.jpg,maltese,train,
maltese/n02085936_17631.jpg,maltese,val,
maltese/n02085936_1799.jpg,maltese,train,
maltese/n02085936_17990.jpg,maltese,train,
maltese/n02085936_18114.jpg,maltese,train,
maltese/n02085936_18640.jpg,maltese,train,
maltese/n02085936_19133.jpg,maltese,train,
maltese/n02085936_19558.jpg,maltese,train,
maltese/n02085936_19731.jpg,maltese,train,
maltese/n02085936_19805.jpg,maltese,train,
maltese/n02085936_20076.jpg,maltese,train,
maltese/n02085936_20102.jpg,maltese,train,
maltese/n02085936_2020.jpg,maltese,train,
maltese/n02085936_20313.jpg,maltese,test,
maltese/n02085936_20610.jpg,maltese,train,
maltese/n02085936_21320.jpg,maltese,train,
maltese/n02085936_2135.jpg,maltese,train,
maltese/n02085936_2154.jpg,maltese,train,
maltese/n02085936_2167.jpg,maltese,train,
maltese/n02085936_2203.jpg,maltese,test,
maltese/n02085936_22127.jpg,maltese,train,
maltese/n02085936_22167.jpg,maltese,train,
maltese/n02085936_22439.jpg,maltese,train,
maltese/n02085936_22666.jpg,maltese,test,
maltese/n02085936_2318.jpg,maltese,test,
maltese/n02085936_233.jpg,maltese,train,
maltese/n02085936_24178.jpg,maltese,test,
maltese/n02085936_2422.jpg,maltese,train,
maltese/n02085936_24464.jpg,maltese,val,
maltese/n02085936_2458.jpg,maltese,train,
maltese/n02085936_2465.jpg,maltese,train,
maltese/n02085936_2536.jpg,maltese,train,
maltese/n02085936_2543.jpg,maltese,train,
maltese/n02085936_2573.jpg,maltese,train,
maltese/n02085936_25908.jpg,maltese,train,
maltese/n02085936_2627.jpg,maltese,val,
maltese/n02085936_2636.jpg,maltese,train,
maltese/n02085936_2693.jpg,maltese,test,
maltese/n02085936_2741.jpg,maltese,train,
maltese/n02085936_2760.jpg,maltese,val,
maltese/n02085936_2832.jpg,maltese,val,
maltese/n02085936_2889.jpg,maltese,train,
maltese/n02085936_2905.jpg,maltese,train,
maltese/n02085936_2927.jpg,maltese,train,
maltese/n02085936_296.jpg,maltese,val,
maltese/n02085936_2976.jpg,maltese,train,
maltese/n02085936_2999.jpg,maltese,train,
maltese/n02085936_3000.jpg,maltese,train,
maltese/n02085936_3108.jpg,maltese,train,
maltese/n02085936_3207.jpg,maltese,train,
maltese/n02085936_3217.jpg,maltese,train,
maltese/n02085936_3239.jpg,maltese,train,
maltese/n02085936_3292.jpg,maltese,train,
maltese/n02085936_3313.jpg,maltese,train,
maltese/n02085936_3315.jpg,maltese,train,
maltese/n02085936_3326.jpg,maltese,train,
maltese/n02085936_3348.jpg,maltese,train,
maltese/n02085936_338.jpg,maltese,val,
maltese/n02085936_3391.jpg,maltese,val,
maltese/n02085936_3394.jpg,maltese,val,
maltese/n02085936_3396.jpg,maltese,val,
maltese/n02085936_3451.jpg,maltese,train,
maltese/n02085936_3470.jpg,maltese,train,
maltese/n02085936_352.jpg,maltese,train,
maltese/n02085936_3580.jpg,maltese,train,
maltese/n02085936_3677.jpg,maltese,test,
maltese/n02085936_3678.jpg,maltese,val,
maltese/n02085936_3698.jpg,maltese,test,
maltese/n02085936_37.jpg,maltese,test,
maltese/n02085936_3863.jpg,maltese,train,
maltese/n02085936_3947.jpg,maltese,train,
maltese/n02085936_3994.jpg,maltese,val,
maltese/n02085936_4004.jpg,maltese,train,
maltese/n02085936_4070.jpg,maltese,val,
maltese/n02085936_4188.jpg,maltese,train,
maltese/n02085936_4192.jpg,maltese,test,
maltese/n02085936_420.jpg,maltese,train,
maltese/n02085936_4245.jpg,maltese,train,
maltese/n02085936_4257.jpg,maltese,train,
maltese/n02085936_426.jpg,maltese,train,
maltese/n02085936_4262.jpg,maltese,val,
maltese/n02085936_4271.jpg,maltese,test,
maltese/n02085936_4318.jpg,maltese,train,
maltese/n02085936_4343.jpg,maltese,test,
maltese/n02085936_4351.jpg,maltese,train,
maltese/n02085936_4396.jpg,maltese,train,
maltese/n02085936_4474.jpg,maltese,val,
maltese/n02085936_4480.jpg,maltese,test,
maltese/n02085936_4490.jpg,maltese,train,
maltese/n02085936_4506.jpg,maltese,train,
maltese/n02085936_4569.jpg,maltese,train,
maltese/n02085936_4608.jpg,maltese,train,
maltese/n02085936_461.jpg,maltese,train,
maltese/n02085936_4695.jpg,maltese,test,
maltese/n02085936_4713.jpg,maltese,train,
maltese/n02085936_4781.jpg,maltese,val,
maltese/n02085936_4797.jpg,maltese,train,
maltese/n02085936_4894.jpg,maltese,train,
maltese/n02085936_4897.jpg,maltese,train,
maltese/n02085936_4916.jpg,maltese,train,
maltese/n02085936_4921.jpg,maltese,train,
maltese/n02085936_4924.jpg,maltese,train,
maltese/n02085936_4929.jpg,maltese,test,
maltese/n02085936_500.jpg,maltese,train,
maltese/n02085936_5010.jpg,maltese,val,
maltese/n02085936_5012.jpg,maltese,test,
maltese/n02085936_5023.jpg,maltese,train,
maltese/n02085936_5067.jpg,maltese,train,
maltese/n02085936_5068.jpg,maltese,test,
maltese/n02085936_5103.jpg,maltese,test,
maltese/n02085936_5107.jpg,maltese,train,
maltese/n02085936_517.jpg,maltese,train,
maltese/n02085936_5202.jpg,maltese,train,
maltese/n02085936_5250.jpg,maltese,train,
maltese/n02085936_5404.jpg,maltese,train,
maltese/n02085936_5435.jpg,maltese,train,
maltese/n02085936_544.jpg,maltese,train,
maltese/n02085936_5459.jpg,maltese,val,
maltese/n02085936_5466.jpg,maltese,train,
maltese/n02085936_548.jpg,maltese,train,
maltese/n02085936_5488.jpg,maltese,train,
maltese/n02085936_5545.jpg,maltese,test,
maltese/n02085936_5582.jpg,maltese,train,
maltese/n02085936_5596.jpg,maltese,val,
maltese/n02085936_5609.jpg,maltese,val,
maltese/n02085936_5645.jpg,maltese,train,
maltese/n02085936_5728.jpg,maltese,val,
maltese/n02085936_5766.jpg,maltese,test,
maltese/n02085936_5789.jpg,maltese,train,
maltese/n02085936_6034.jpg,maltese,train,
maltese/n02085936_6071.jpg,maltese,train,
maltese/n02085936_6077.jpg,maltese,train,
maltese/n02085936_6278.jpg,maltese,val,
maltese/n02085936_6348.jpg,maltese,train,
maltese/n02085936_6405.jpg,maltese,train,
maltese/n02085936_6424.jpg,maltese,train,
maltese/n02085936_6464.jpg,maltese,train,
maltese/n02085936_6514.jpg,maltese,train,
maltese/n02085936_6569.jpg,maltese,train,
maltese/n02085936_66.jpg,maltese,train,
maltese/n02085936_6650.jpg,maltese,train,
maltese/n02085936_6656.jpg,maltese,train,
maltese/n02085936_6671.jpg,maltese,train,
maltese/n02085936_6746.jpg,maltese,test,
maltese/n02085936_6892.jpg,maltese,train,
maltese/n02085936_6921.jpg,maltese,train,
maltese/n02085936_6927.jpg,maltese,train,
maltese/n02085936_6942.jpg,maltese,train,
maltese/n02085936_7004.jpg,maltese,test,
maltese/n02085936_7142.jpg,maltese,train,
maltese/n02085936_7172.jpg,maltese,test,
maltese/n02085936_719.jpg,maltese,val,
maltese/n02085936_7198.jpg,maltese,train,
maltese/n02085936_7253.jpg,maltese,train,
maltese/n02085936_7272.jpg,maltese,train,
maltese/n02085936_7311.jpg,maltese,train,
maltese/n02085936_7345.jpg,maltese,val,
maltese/n02085936_7364.jpg,maltese,train,
maltese/n02085936_7394.jpg,maltese,val,2
maltese/n02085936_7442.jpg,maltese,train,
maltese/n02085936_7465.jpg,maltese,train,
maltese/n02085936_7515.jpg,maltese,train,
maltese/n02085936_7537.jpg,maltese,train,
maltese/n02085936_7574.jpg,maltese,train,
maltese/n02085936_771.jpg,maltese,val,
maltese/n02085936_7755.jpg,maltese,train,
maltese/n02085936_7793.jpg,maltese,test,
maltese/n02085936_7865.jpg,maltese,train,
maltese/n02085936_7941.jpg,maltese,train,
maltese/n02085936_797.jpg,maltese,train,
maltese/n02085936_804.jpg,maltese,test,
maltese/n02085936_807.jpg,maltese,train,
maltese/n02085936_8089.jpg,maltese,train,
maltese/n02085936_8224.jpg,maltese,val,
maltese/n02085936_8248.jpg,maltese,train,
maltese/n02085936_8350.jpg,maltese,train,
maltese/n02085936_8365.jpg,maltese,test,
maltese/n02085936_8417.jpg,maltese,train,
maltese/n02085936_8447.jpg,maltese,train,
maltese/n02085936_8449.jpg,maltese,train,
maltese/n02085936_850.jpg,maltese,train,
maltese/n02085936_8507.jpg,maltese,train,
maltese/n02085936_851.jpg,maltese,test,
maltese/n02085936_8616.jpg,maltese,test,
maltese/n02085936_8658.jpg,maltese,train,
maltese/n02085936_8735.jpg,maltese,test,
maltese/n02085936_8745.jpg,maltese,train,
maltese/n02085936_8756.jpg,maltese,train,
maltese/n02085936_8767.jpg,maltese,test,
maltese/n02085936_8867.jpg,maltese,train,
maltese/n02085936_8900.jpg,maltese,val,
maltese/n02085936_8981.jpg,maltese,train,
maltese/n02085936_899.jpg,maltese,val,
maltese/n02085936_9037.jpg,maltese,train,
maltese/n02085936_9086.jpg,maltese,val,
maltese/n02085936_9088.jpg,maltese,train,
maltese/n02085936_9136.jpg,maltese,train,
maltese/n02085936_9141.jpg,maltese,test,
maltese/n02085936_9270.jpg,maltese,test,
maltese/n02085936_9310.jpg,maltese,train,
maltese/n02085936_9367.jpg,maltese,train,
maltese/n02085936_9481.jpg,maltese,train,
maltese/n02085936_9590.jpg,maltese,val,
maltese/n02085936_9632.jpg,maltese,val,
maltese/n02085936_9742.jpg,maltese,train,
maltese/n02085936_9812.jpg,maltese,train,
maltese/n02085936_9927.jpg,maltese,train,
pug/n02110958_10.jpg,pug,train,
pug/n02110958_10186.jpg,pug,train,
pug/n02110958_10193.jpg,pug,test,
pug/n02110958_10378.jpg,pug,train,
pug/n02110958_10842.jpg,pug,train,
pug/n02110958_1108.jpg,pug,test,
pug/n02110958_11083.jpg,pug,train,
pug/n02110958_11194.jpg,pug,train,
pug/n02110958_11209.jpg,pug,val,
pug/n02110958_11239.jpg,pug,train,
pug/n02110958_11256.jpg,pug,val,
pug/n02110958_11261.jpg,pug,train,
pug/n02110958_11288.jpg,pug,test,
pug/n02110958_11306.jpg,pug,train,
pug/n02110958_11359.jpg,pug,train,
pug/n02110958_11458.jpg,pug,train,
pug/n02110958_11632.jpg,pug,train,
pug/n02110958_11675.jpg,pug,train,
pug/n02110958_11725.jpg,pug,test,
pug/n02110958_11732.jpg,pug,train,
pug/n02110958_11825.jpg,pug,train,
pug/n02110958_11870.jpg,pug,train,
pug/n02110958_11958.jpg,pug,train,
pug/n02110958_11977.jpg,pug,val,
pug/n02110958_11979.jpg,pug,val,
pug/n02110958_12025.jpg,pug,train,
pug/n02110958_12080.jpg,pug,train,
pug/n02110958_12120.jpg,pug,test,
pug/n02110958_12128.jpg,pug,train,
pug/n02110958_12130.jpg,pug,train,
pug/n02110958_12149.jpg,pug,train,
pug/n02110958_12224.jpg,pug,train,
pug/n02110958_12260.jpg,pug,train,
pug/n02110958_12275.jpg,pug,val,
pug/n02110958_12350.jpg,pug,train,
pug/n02110958_12432.jpg,pug,val,
pug/n02110958_12447.jpg,pug,train,
pug/n02110958_12589.jpg,pug,train,
pug/n02110958_12611.jpg,pug,train,
pug/n02110958_12625.jpg,pug,train,
pug/n02110958_12761.jpg,pug,train,
pug/n02110958_12781.jpg,pug,train,
pug/n02110958_12807.jpg,pug,train,
pug/n02110958_12808.jpg,pug,train,
pug/n02110958_12819.jpg,pug,val,
pug/n02110958_12860.jpg,pug,train,
pug/n02110958_12934.jpg,pug,train,
pug/n02110958_13002.jpg,pug,train,
pug/n02110958_13023.jpg,pug,val,
pug/n02110958_13042.jpg,pug,train,
pug/n02110958_13051.jpg,pug,test,
pug/n02110958_13224.jpg,pug,val,
pug/n02110958_13256.jpg,pug,train,
pug/n02110958_13263.jpg,pug,train,
pug/n02110958_13276.jpg,pug,train,
pug/n02110958_13340.jpg,pug,train,
pug/n02110958_13342.jpg,pug,val,
pug/n02110958_13364.jpg,pug,train,
pug/n02110958_13391.jpg,pug,val,
pug/n02110958_13439.jpg,pug,train,
pug/n02110958_13455.jpg,pug,test,
pug/n02110958_13469.jpg,pug,train,
pug/n02110958_13506.jpg,pug,train,
pug/n02110958_13560.jpg,pug,train,
pug/n02110958_13581.jpg,pug,test,
pug/n02110958_13597.jpg,pug,train,
pug/n02110958_13721.jpg,pug,train,
pug/n02110958_13794.jpg,pug,train,
pug/n02110958_13812.jpg,pug,train,
pug/n02110958_13930.jpg,pug,train,
pug/n02110958_13993.jpg,pug,test,
pug/n02110958_13995.jpg,pug,train,
pug/n02110958_14017.jpg,pug,train,
pug/n02110958_14111.jpg,pug,val,
pug/n02110958_14142.jpg,pug,train,
pug/n02110958_14154.jpg,pug,test,
pug/n02110958_14179.jpg,pug,test,
pug/n02110958_14265.jpg,pug,test,
pug/n02110958_14311.jpg,pug,train,
pug/n02110958_14449.jpg,pug,val,
pug/n02110958_14536.jpg,pug,train,
pug/n02110958_14549.jpg,pug,train,
pug/n02110958_14563.jpg,pug,train,
pug/n02110958_14594.jpg,pug,val,
pug/n02110958_14647.jpg,pug,train,
pug/n02110958_14654.jpg,pug,train,
pug/n02110958_14683.jpg,pug,train,
pug/n02110958_14711.jpg,pug,train,
pug/n02110958_14768.jpg,pug,test,
pug/n02110958_14832.jpg,pug,train,
pug/n02110958_14927.jpg,pug,val,
pug/n02110958_14984.jpg,pug,test,
pug/n02110958_14996.jpg,pug,train,
pug/n02110958_15014.jpg,pug,val,
pug/n02110958_15015.jpg,pug,train,
pug/n02110958_15120.jpg,pug,train,
pug/n02110958_15129.jpg,pug,train,
pug/n02110958_15130.jpg,pug,test,
pug/n02110958_15171.jpg,pug,test,
pug/n02110958_152.jpg,pug,train,
pug/n02110958_15216.jpg,pug,train,
pug/n02110958_15217.jpg,pug,test,
pug/n02110958_15351.jpg,pug,train,
pug/n02110958_15352.jpg,pug,train,
pug/n02110958_15364.jpg,pug,train,
pug/n02110958_15422.jpg,pug,train,
pug/n02110958_15449.jpg,pug,val,
pug/n02110958_15527.jpg,pug,train,
pug/n02110958_15538.jpg,pug,test,
pug/n02110958_15550.jpg,pug,train,
pug/n02110958_15615.jpg,pug,train,
pug/n02110958_15626.jpg,pug,train,
pug/n02110958_15663.jpg,pug,val,
pug/n02110958_15722.jpg,pug,test,
pug/n02110958_15734.jpg,pug,train,
pug/n02110958_15746.jpg,pug,train,
pug/n02110958_15766.jpg,pug,test,
pug/n02110958_15873.jpg,pug,train,
pug/n02110958_15877.jpg,pug,train,
pug/n02110958_15932.jpg,pug,train,
pug/n02110958_15969.jpg,pug,train,
pug/n02110958_15981.jpg,pug,train,
pug/n02110958_16082.jpg,pug,train,
pug/n02110958_16087.jpg,pug,test,
pug/n02110958_16132.jpg,pug,train,
pug/n02110958_16150.jpg,pug,train,
pug/n02110958_16178.jpg,pug,train,
pug/n02110958_16217.jpg,pug,val,
pug/n02110958_16330.jpg,pug,val,
pug/n02110958_16334.jpg,pug,train,
pug/n02110958_16337.jpg,pug,train,
pug/n02110958_1636.jpg,pug,train,
pug/n02110958_1639.jpg,pug,train,
pug/n02110958_16426.jpg,pug,train,
pug/n02110958_16433.jpg,pug,train,
pug/n02110958_16434.jpg,pug,val,
pug/n02110958_16447.jpg,pug,train,
pug/n02110958_16453.jpg,pug,train,
pug/n02110958_16471.jpg,pug,val,
pug/n02110958_16492.jpg,pug,train,
pug/n02110958_1975.jpg,pug,train,
pug/n02110958_2009.jpg,pug,train,
pug/n02110958_2041.jpg,pug,train,
pug/n02110958_2144.jpg,pug,train,
pug/n02110958_2154.jpg,pug,test,
pug/n02110958_237.jpg,pug,train,
pug/n02110958_2410.jpg,pug,test,
pug/n02110958_25.jpg,pug,test,
pug/n02110958_2611.jpg,pug,val,
pug/n02110958_2745.jpg,pug,train,
pug/n02110958_2777.jpg,pug,test,
pug/n02110958_326.jpg,pug,val,
pug/n02110958_3338.jpg,pug,val,
pug/n02110958_340.jpg,pug,train,
pug/n02110958_353.jpg,pug,train,
pug/n02110958_3644.jpg,pug,test,
pug/n02110958_3795.jpg,pug,train,
pug/n02110958_3938.jpg,pug,train,
pug/n02110958_4030.jpg,pug,val,
pug/n02110958_4036.jpg,pug,train,
pug/n02110958_4043.jpg,pug,train,
pug/n02110958_4189.jpg,pug,train,
pug/n02110958_476.jpg,pug,val,
pug/n02110958_481.jpg,pug,test,
pug/n02110958_483.jpg,pug,train,
pug/n02110958_4993.jpg,pug,train,
pug/n02110958_5069.jpg,pug,train,
pug/n02110958_5555.jpg,pug,train,
pug/n02110958_5621.jpg,pug,test,
pug/n02110958_5788.jpg,pug,train,
pug/n02110958_5834.jpg,pug,val,
pug/n02110958_589.jpg,pug,train,
pug/n02110958_5912.jpg,pug,train,
pug/n02110958_5976.jpg,pug,train,
pug/n02110958_609.jpg,pug,train,
pug/n02110958_6098.jpg,pug,train,
pug/n02110958_6274.jpg,pug,test,
pug/n02110958_630.jpg,pug,train,
pug/n02110958_6598.jpg,pug,val,
pug/n02110958_6627.jpg,pug,test,
pug/n02110958_6792.jpg,pug,train,
pug/n02110958_6966.jpg,pug,train,
pug/n02110958_7027.jpg,pug,train,
pug/n02110958_7255.jpg,pug,train,
pug/n02110958_7698.jpg,pug,train,
pug/n02110958_771.jpg,pug,train,
pug/n02110958_7801.jpg,pug,train,
pug/n02110958_7915.jpg,pug,train,
pug/n02110958_8075.jpg,pug,train,
pug/n02110958_8513.jpg,pug,train,
pug/n02110958_8583.jpg,pug,train,
pug/n02110958_8627.jpg,pug,val,
pug/n02110958_8724.jpg,pug,train,
pug/n02110958_8814.jpg,pug,train,
pug/n02110958_8887.jpg,pug,train,
pug/n02110958_8979.jpg,pug,train,
pug/n02110958_9008.jpg,pug,train,
pug/n02110958_9505.jpg,pug,train,
pug/n02110958_9642.jpg,pug,train,
pug/n02110958_9929.jpg,pug,train,
rhodesian_ridgeback/n02087394_10014.jpg,rhodesian_ridgeback,train,
rhodesian_ridgeback/n02087394_101.jpg,rhodesian_ridgeback,train,
rhodesian_ridgeback/n02087394_10238.jpg,rhodesian_ridgeback,train,
rhodesian_ridgeback/n02087394_10351.jpg,rhodesian_ridgeback,train,
rhodesian_ridgeback/n02087394_10418.jpg,rhodesian_ridgeback,train,
rhodesian_ridgeback/n02087394_10588.jpg,rhodesian_ridgeback,train,
rhodesian_ridgeback/n02087394_10591.jpg,rhodesian_ridgeback,train,
rhodesian_ridgeback/n02087394_10683.jpg,rhodesian_ridgeback,test,
rhodesian_ridgeback/n02087394_10939.jpg,rhodesian_ridgeback,train,
rhodesian_ridgeback/n02087394_1099.jpg,rhodesian_ridgeback,train,
rhodesian_ridgeback/n02087394_11116.jpg,rhodesian_ridgeback,train,
rhodesian_ridgeback/n02087394_11139.jpg,rhodesian_ridgeback,test,
rhodesian_ridgeback/n02087394_11149.jpg,rhodesian_ridgeback,val,
rhodesian_ridgeback/n02087394_11174.jpg,rhodesian_ridgeback,train,
rhodesian_ridgeback/n02087394_11238.jpg,rhodesian_ridgeback,train,
rhodesian_ridgeback/n02087394_11337.jpg,rhodesian_ridgeback,test,
rhodesian_ridgeback/n02087394_1137.jpg,rhodesian_ridgeback,val,
rhodesian_ridgeback/n02087394_11442.jpg,rhodesian_ridgeback,train,
rhodesian_ridgeback/n02087394_11541.jpg,rhodesian_ridgeback,test,
rhodesian_ridgeback/n02087394_1161.jpg,rhodesian_ridgeback,train,
rhodesian_ridgeback/n02087394_11710.jpg,rhodesian_ridgeback,test,
rhodesian_ridgeback/n02087394_11713.jpg,rhodesian_ridgeback,train,
rhodesian_ridgeback/n02087394_11718.jpg,rhodesian_ridgeback,train,
rhodesian_ridgeback/n02087394_1274.jpg,rhodesian_ridgeback,train,
rhodesian_ridgeback/n02087394_1336.jpg,rhodesian_ridgeback,train,
rhodesian_ridgeback/n02087394_1352.jpg,rhodesian_ridgeback,val,
rhodesian_ridgeback/n02087394_138.jpg,rhodesian_ridgeback,train,
rhodesian_ridgeback/n02087394_16736.jpg,rhodesian_ridgeback,test,
rhodesian_ridgeback/n02087394_1706.jpg,rhodesian_ridgeback,train,
rhodesian_ridgeback/n02087394_1722.jpg,rhodesian_ridgeback,val,
rhodesian_ridgeback/n02087394_1729.jpg,rhodesian_ridgeback,train,
rhodesian_ridgeback/n02087394_1743.jpg,rhodesian_ridgeback,train,
rhodesian_ridgeback/n02087394_1874.jpg,rhodesian_ridgeback,val,
rhodesian_ridgeback/n02087394_1925.jpg,rhodesian_ridgeback,train,
rhodesian_ridgeback/n02087394_1963.jpg,rhodesian_ridgeback,train,
rhodesian_ridgeback/n02087394_1964.jpg,rhodesian_ridgeback,train,
rhodesian_ridgeback/n02087394_2253.jpg,rhodesian_ridgeback,train,
rhodesian_ridgeback/n02087394_2319.jpg,rhodesian_ridgeback,test,
rhodesian_ridgeback/n02087394_2324.jpg,rhodesian_ridgeback,train,
rhodesian_ridgeback/n02087394_2364.jpg,rhodesian_ridgeback,train,
rhodesian_ridgeback/n02087394_2427.jpg,rhodesian_ridgeback,val,
rhodesian_ridgeback/n02087394_2445.jpg,rhodesian_ridgeback,train,
rhodesian_ridgeback/n02087394_261.jpg,rhodesian_ridgeback,train,
rhodesian_ridgeback/n02087394_2972.jpg,rhodesian_ridgeback,train,
rhodesian_ridgeback/n02087394_2990.jpg,rhodesian_ridgeback,train,
rhodesian_ridgeback/n02087394_3015.jpg,rhodesian_ridgeback,train,
rhodesian_ridgeback/n02087394_3048.jpg,rhodesian_ridgeback,train,
rhodesian_ridgeback/n02087394_3072.jpg,rhodesian_ridgeback,train,
rhodesian_ridgeback/n02087394_310.jpg,rhodesian_ridgeback,train,
rhodesian_ridgeback/n02087394_3139.jpg,rhodesian_ridgeback,train,
rhodesian_ridgeback/n02087394_3159.jpg,rhodesian_ridgeback,train,
rhodesian_ridgeback/n02087394_3256.jpg,rhodesian_ridgeback,val,
rhodesian_ridgeback/n02087394_3275.jpg,rhodesian_ridgeback,train,
rhodesian_ridgeback/n02087394_330.jpg,rhodesian_ridgeback,val,
rhodesian_ridgeback/n02087394_3311.jpg,rhodesian_ridgeback,train,
rhodesian_ridgeback/n02087394_3314.jpg,rhodesian_ridgeback,val,
rhodesian_ridgeback/n02087394_3450.jpg,rhodesian_ridgeback,test,
rhodesian_ridgeback/n02087394_3458.jpg,rhodesian_ridgeback,train,
rhodesian_ridgeback/n02087394_3477.jpg,rhodesian_ridgeback,val,
rhodesian_ridgeback/n02087394_3515.jpg,rhodesian_ridgeback,train,
rhodesian_ridgeback/n02087394_36.jpg,rhodesian_ridgeback,train,
rhodesian_ridgeback/n02087394_3619.jpg,rhodesian_ridgeback,train,
rhodesian_ridgeback/n02087394_3663.jpg,rhodesian_ridgeback,train,
rhodesian_ridgeback/n02087394_3673.jpg,rhodesian_ridgeback,train,
rhodesian_ridgeback/n02087394_3677.jpg,rhodesian_ridgeback,train,
rhodesian_ridgeback/n02087394_3795.jpg,rhodesian_ridgeback,train,
rhodesian_ridgeback/n02087394_381.jpg,rhodesian_ridgeback,train,
rhodesian_ridgeback/n02087394_4147.jpg,rhodesian_ridgeback,train,
rhodesian_ridgeback/n02087394_4364.jpg,rhodesian_ridgeback,train,
rhodesian_ridgeback/n02087394_4410.jpg,rhodesian_ridgeback,train,
rhodesian_ridgeback/n02087394_4443.jpg,rhodesian_ridgeback,val,
rhodesian_ridgeback/n02087394_4459.jpg,rhodesian_ridgeback,train,
rhodesian_ridgeback/n02087394_4602.jpg,rhodesian_ridgeback,train,
rhodesian_ridgeback/n02087394_4603.jpg,rhodesian_ridgeback,train,
rhodesian_ridgeback/n02087394_4681.jpg,rhodesian_ridgeback,train,
rhodesian_ridgeback/n02087394_4741.jpg,rhodesian_ridgeback,val,
rhodesian_ridgeback/n02087394_4761.jpg,rhodesian_ridgeback,train,
rhodesian_ridgeback/n02087394_4931.jpg,rhodesian_ridgeback,test,
rhodesian_ridgeback/n02087394_5044.jpg,rhodesian_ridgeback,train,
rhodesian_ridgeback/n02087394_514.jpg,rhodesian_ridgeback,train,
rhodesian_ridgeback/n02087394_5161.jpg,rhodesian_ridgeback,train,
rhodesian_ridgeback/n02087394_531.jpg,rhodesian_ridgeback,train,
rhodesian_ridgeback/n02087394_5474.jpg,rhodesian_ridgeback,test,
rhodesian_ridgeback/n02087394_5552.jpg,rhodesian_ridgeback,val,
rhodesian_ridgeback/n02087394_5578.jpg,rhodesian_ridgeback,train,
rhodesian_ridgeback/n02087394_5806.jpg,rhodesian_ridgeback,train,
rhodesian_ridgeback/n02087394_5859.jpg,rhodesian_ridgeback,val,
rhodesian_ridgeback/n02087394_5945.jpg,rhodesian_ridgeback,train,
rhodesian_ridgeback/n02087394_6039.jpg,rhodesian_ridgeback,train,
rhodesian_ridgeback/n02087394_6050.jpg,rhodesian_ridgeback,train,
rhodesian_ridgeback/n02087394_613.jpg,rhodesian_ridgeback,train,
rhodesian_ridgeback/n02087394_6371.jpg,rhodesian_ridgeback,train,
rhodesian_ridgeback/n02087394_6382.jpg,rhodesian_ridgeback,test,
rhodesian_ridgeback/n02087394_6495.jpg,rhodesian_ridgeback,val,
rhodesian_ridgeback/n02087394_6506.jpg,rhodesian_ridgeback,train,
rhodesian_ridgeback/n02087394_681.jpg,rhodesian_ridgeback,train,
rhodesian_ridgeback/n02087394_6863.jpg,rhodesian_ridgeback,train,
rhodesian_ridgeback/n02087394_6884.jpg,rhodesian_ridgeback,val,
rhodesian_ridgeback/n02087394_6993.jpg,rhodesian_ridgeback,train,
rhodesian_ridgeback/n02087394_7008.jpg,rhodesian_ridgeback,train,
rhodesian_ridgeback/n02087394_7019.jpg,rhodesian_ridgeback,train,
rhodesian_ridgeback/n02087394_7025.jpg,rhodesian_ridgeback,train,
rhodesian_ridgeback/n02087394_7056.jpg,rhodesian_ridgeback,test,
rhodesian_ridgeback/n02087394_7143.jpg,rhodesian_ridgeback,train,
rhodesian_ridgeback/n02087394_7186.jpg,rhodesian_ridgeback,train,
rhodesian_ridgeback/n02087394_7219.jpg,rhodesian_ridgeback,val,
rhodesian_ridgeback/n02087394_7254.jpg,rhodesian_ridgeback,train,
rhodesian_ridgeback/n02087394_7263.jpg,rhodesian_ridgeback,train,
rhodesian_ridgeback/n02087394_7418.jpg,rhodesian_ridgeback,train,
rhodesian_ridgeback/n02087394_7439.jpg,rhodesian_ridgeback,test,
rhodesian_ridgeback/n02087394_7449.jpg,rhodesian_ridgeback,val,
rhodesian_ridgeback/n02087394_7459.jpg,rhodesian_ridgeback,train,
rhodesian_ridgeback/n02087394_7467.jpg,rhodesian_ridgeback,train,
rhodesian_ridgeback/n02087394_7480.jpg,rhodesian_ridgeback,test,
rhodesian_ridgeback/n02087394_7495.jpg,rhodesian_ridgeback,test,
rhodesian_ridgeback/n02087394_7507.jpg,rhodesian_ridgeback,test,
rhodesian_ridgeback/n02087394_7544.jpg,rhodesian_ridgeback,val,
rhodesian_ridgeback/n02087394_7579.jpg,rhodesian_ridgeback,test,
rhodesian_ridgeback/n02087394_760.jpg,rhodesian_ridgeback,train,
rhodesian_ridgeback/n02087394_7612.jpg,rhodesian_ridgeback,train,
rhodesian_ridgeback/n02087394_7644.jpg,rhodesian_ridgeback,train,
rhodesian_ridgeback/n02087394_7719.jpg,rhodesian_ridgeback,test,
rhodesian_ridgeback/n02087394_7724.jpg,rhodesian_ridgeback,test,
rhodesian_ridgeback/n02087394_7771.jpg,rhodesian_ridgeback,train,
rhodesian_ridgeback/n02087394_7777.jpg,rhodesian_ridgeback,train,
rhodesian_ridgeback/n02087394_7875.jpg,rhodesian_ridgeback,test,
rhodesian_ridgeback/n02087394_7913.jpg,rhodesian_ridgeback,train,
rhodesian_ridgeback/n02087394_8044.jpg,rhodesian_ridgeback,train,
rhodesian_ridgeback/n02087394_8152.jpg,rhodesian_ridgeback,test,
rhodesian_ridgeback/n02087394_8260.jpg,rhodesian_ridgeback,val,
rhodesian_ridgeback/n02087394_8266.jpg,rhodesian_ridgeback,train,
rhodesian_ridgeback/n02087394_831.jpg,rhodesian_ridgeback,test,
rhodesian_ridgeback/n02087394_8339.jpg,rhodesian_ridgeback,train,
rhodesian_ridgeback/n02087394_8456.jpg,rhodesian_ridgeback,test,
rhodesian_ridgeback/n02087394_8570.jpg,rhodesian_ridgeback,train,
rhodesian_ridgeback/n02087394_8573.jpg,rhodesian_ridgeback,val,
rhodesian_ridgeback/n02087394_8591.jpg,rhodesian_ridgeback,val,
rhodesian_ridgeback/n02087394_8630.jpg,rhodesian_ridgeback,train,
rhodesian_ridgeback/n02087394_8716.jpg,rhodesian_ridgeback,train,
rhodesian_ridgeback/n02087394_8742.jpg,rhodesian_ridgeback,val,
rhodesian_ridgeback/n02087394_8823.jpg,rhodesian_ridgeback,val,
rhodesian_ridgeback/n02087394_8868.jpg,rhodesian_ridgeback,train,
rhodesian_ridgeback/n02087394_889.jpg,rhodesian_ridgeback,train,
rhodesian_ridgeback/n02087394_8903.jpg,rhodesian_ridgeback,train,
rhodesian_ridgeback/n02087394_8935.jpg,rhodesian_ridgeback,train,
rhodesian_ridgeback/n02087394_8993.jpg,rhodesian_ridgeback,train,
rhodesian_ridgeback/n02087394_9040.jpg,rhodesian_ridgeback,train,
rhodesian_ridgeback/n02087394_909.jpg,rhodesian_ridgeback,train,
rhodesian_ridgeback/n02087394_9126.jpg,rhodesian_ridgeback,train,
rhodesian_ridgeback/n02087394_9128.jpg,rhodesian_ridgeback,train,
rhodesian_ridgeback/n02087394_9189.jpg,rhodesian_ridgeback,train,
rhodesian_ridgeback/n02087394_9261.jpg,rhodesian_ridgeback,test,
rhodesian_ridgeback/n02087394_9272.jpg,rhodesian_ridgeback,train,
rhodesian_ridgeback/n02087394_9313.jpg,rhodesian_ridgeback,train,
rhodesian_ridgeback/n02087394_9343.jpg,rhodesian_ridgeback,train,
rhodesian_ridgeback/n02087394_9352.jpg,rhodesian_ridgeback,train,
rhodesian_ridgeback/n02087394_9361.jpg,rhodesian_ridgeback,train,
rhodesian_ridgeback/n02087394_9369.jpg,rhodesian_ridgeback,test,
rhodesian_ridgeback/n02087394_9446.jpg,rhodesian_ridgeback,train,
rhodesian_ridgeback/n02087394_9462.jpg,rhodesian_ridgeback,train,
rhodesian_ridgeback/n02087394_9511.jpg,rhodesian_ridgeback,train,
rhodesian_ridgeback/n02087394_9520.jpg,rhodesian_ridgeback,train,
rhodesian_ridgeback/n02087394_9564.jpg,rhodesian_ridgeback,train,
rhodesian_ridgeback/n02087394_9678.jpg,rhodesian_ridgeback,train,
rhodesian_ridgeback/n02087394_9686.jpg,rhodesian_ridgeback,val,
rhodesian_ridgeback/n02087394_9695.jpg,rhodesian_ridgeback,val,
rhodesian_ridgeback/n02087394_9698.jpg,rhodesian_ridgeback,test,
rhodesian_ridgeback/n02087394_9712.jpg,rhodesian_ridgeback,train,
rhodesian_ridgeback/n02087394_9855.jpg,rhodesian_ridgeback,train,
rhodesian_ridgeback/n02087394_9891.jpg,rhodesian_ridgeback,train,
rhodesian_ridgeback/n02087394_9922.jpg,rhodesian_ridgeback,train,
rhodesian_ridgeback/n02087394_9973.jpg,rhodesian_ridgeback,train,
shih_tzu/n02086240_1011.jpg,shih_tzu,train,
shih_tzu/n02086240_1016.jpg,shih_tzu,test,
shih_tzu/n02086240_1059.jpg,shih_tzu,train,
shih_tzu/n02086240_1078.jpg,shih_tzu,train,
shih_tzu/n02086240_10785.jpg,shih_tzu,test,
shih_tzu/n02086240_1082.jpg,shih_tzu,val,
shih_tzu/n02086240_110.jpg,shih_tzu,train,
shih_tzu/n02086240_11085.jpg,shih_tzu,train,
shih_tzu/n02086240_11139.jpg,shih_tzu,train,
shih_tzu/n02086240_1142.jpg,shih_tzu,train,
shih_tzu/n02086240_11420.jpg,shih_tzu,test,
shih_tzu/n02086240_11539.jpg,shih_tzu,train,
shih_tzu/n02086240_11551.jpg,shih_tzu,train,
shih_tzu/n02086240_11622.jpg,shih_tzu,train,
shih_tzu/n02086240_11692.jpg,shih_tzu,train,
shih_tzu/n02086240_1170.jpg,shih_tzu,train,
shih_tzu/n02086240_11766.jpg,shih_tzu,train,
shih_tzu/n02086240_11959.jpg,shih_tzu,train,
shih_tzu/n02086240_12003.jpg,shih_tzu,test,
shih_tzu/n02086240_1205.jpg,shih_tzu,test,
shih_tzu/n02086240_12057.jpg,shih_tzu,val,
shih_tzu/n02086240_1215.jpg,shih_tzu,train,
shih_tzu/n02086240_12314.jpg,shih_tzu,val,
shih_tzu/n02086240_12315.jpg,shih_tzu,train,
shih_tzu/n02086240_12342.jpg,shih_tzu,train,
shih_tzu/n02086240_12348.jpg,shih_tzu,train,
shih_tzu/n02086240_12480.jpg,shih_tzu,train,
shih_tzu/n02086240_1249.jpg,shih_tzu,val,
shih_tzu/n02086240_1259.jpg,shih_tzu,train,
shih_tzu/n02086240_126.jpg,shih_tzu,val,
shih_tzu/n02086240_12650.jpg,shih_tzu,test,
shih_tzu/n02086240_1267.jpg,shih_tzu,train,
shih_tzu/n02086240_12796.jpg,shih_tzu,train,
shih_tzu/n02086240_1295.jpg,shih_tzu,test,
shih_tzu/n02086240_1333.jpg,shih_tzu,train,
shih_tzu/n02086240_134.jpg,shih_tzu,test,
shih_tzu/n02086240_135.jpg,shih_tzu,train,
shih_tzu/n02086240_1366.jpg,shih_tzu,train,
shih_tzu/n02086240_1370.jpg,shih_tzu,train,
shih_tzu/n02086240_1445.jpg,shih_tzu,train,
shih_tzu/n02086240_1602.jpg,shih_tzu,train,
shih_tzu/n02086240_1621.jpg,shih_tzu,train,
shih_tzu/n02086240_1665.jpg,shih_tzu,train,
shih_tzu/n02086240_1687.jpg,shih_tzu,val,
shih_tzu/n02086240_1690.jpg,shih_tzu,test,
shih_tzu/n02086240_1725.jpg,shih_tzu,train,
shih_tzu/n02086240_1770.jpg,shih_tzu,train,
shih_tzu/n02086240_1779.jpg,shih_tzu,train,
shih_tzu/n02086240_1843.jpg,shih_tzu,train,
shih_tzu/n02086240_1856.jpg,shih_tzu,train,
shih_tzu/n02086240_1859.jpg,shih_tzu,train,
shih_tzu/n02086240_1874.jpg,shih_tzu,train,
shih_tzu/n02086240_1927.jpg,shih_tzu,train,
shih_tzu/n02086240_1958.jpg,shih_tzu,train,
shih_tzu/n02086240_2003.jpg,shih_tzu,test,
shih_tzu/n02086240_2077.jpg,shih_tzu,train,
shih_tzu/n02086240_2113.jpg,shih_tzu,val,
shih_tzu/n02086240_2211.jpg,shih_tzu,train,
shih_tzu/n02086240_2254.jpg,shih_tzu,test,
shih_tzu/n02086240_2335.jpg,shih_tzu,train,
shih_tzu/n02086240_2417.jpg,shih_tzu,train,
shih_tzu/n02086240_2526.jpg,shih_tzu,train,
shih_tzu/n02086240_254.jpg,shih_tzu,val,
shih_tzu/n02086240_2705.jpg,shih_tzu,train,
shih_tzu/n02086240_271.jpg,shih_tzu,train,
shih_tzu/n02086240_2710.jpg,shih_tzu,test,
shih_tzu/n02086240_272.jpg,shih_tzu,train,
shih_tzu/n02086240_2961.jpg,shih_tzu,train,
shih_tzu/n02086240_30.jpg,shih_tzu,train,
shih_tzu/n02086240_3050.jpg,shih_tzu,train,
shih_tzu/n02086240_306.jpg,shih_tzu,train,
shih_tzu/n02086240_3094.jpg,shih_tzu,train,
shih_tzu/n02086240_3137.jpg,shih_tzu,train,
shih_tzu/n02086240_3175.jpg,shih_tzu,train,
shih_tzu/n02086240_3186.jpg,shih_tzu,test,
shih_tzu/n02086240_3217.jpg,shih_tzu,train,
shih_tzu/n02086240_3227.jpg,shih_tzu,train,
shih_tzu/n02086240_323.jpg,shih_tzu,test,
shih_tzu/n02086240_3254.jpg,shih_tzu,train,
shih_tzu/n02086240_34.jpg,shih_tzu,val,
shih_tzu/n02086240_3424.jpg,shih_tzu,test,
shih_tzu/n02086240_3489.jpg,shih_tzu,train,
shih_tzu/n02086240_3493.jpg,shih_tzu,train,
shih_tzu/n02086240_3558.jpg,shih_tzu,test,
shih_tzu/n02086240_3582.jpg,shih_tzu,train,
shih_tzu/n02086240_3719.jpg,shih_tzu,val,
shih_tzu/n02086240_3738.jpg,shih_tzu,val,
shih_tzu/n02086240_3802.jpg,shih_tzu,train,
shih_tzu/n02086240_3814.jpg,shih_tzu,train,
shih_tzu/n02086240_3827.jpg,shih_tzu,train,
shih_tzu/n02086240_3862.jpg,shih_tzu,test,
shih_tzu/n02086240_3921.jpg,shih_tzu,train,
shih_tzu/n02086240_3961.jpg,shih_tzu,val,
shih_tzu/n02086240_3979.jpg,shih_tzu,train,
shih_tzu/n02086240_3983.jpg,shih_tzu,train,
shih_tzu/n02086240_4013.jpg,shih_tzu,train,
shih_tzu/n02086240_4127.jpg,shih_tzu,train,
shih_tzu/n02086240_415.jpg,shih_tzu,test,
shih_tzu/n02086240_4190.jpg,shih_tzu,train,
shih_tzu/n02086240_4252.jpg,shih_tzu,train,
shih_tzu/n02086240_4255.jpg,shih_tzu,train,
shih_tzu/n02086240_4346.jpg,shih_tzu,test,
shih_tzu/n02086240_4430.jpg,shih_tzu,val,
shih_tzu/n02086240_4449.jpg,shih_tzu,val,
shih_tzu/n02086240_447.jpg,shih_tzu,train,
shih_tzu/n02086240_4544.jpg,shih_tzu,train,
shih_tzu/n02086240_457.jpg,shih_tzu,val,
shih_tzu/n02086240_4570.jpg,shih_tzu,train,
shih_tzu/n02086240_46.jpg,shih_tzu,train,
shih_tzu/n02086240_4608.jpg,shih_tzu,val,
shih_tzu/n02086240_4625.jpg,shih_tzu,test,
shih_tzu/n02086240_4629.jpg,shih_tzu,test,
shih_tzu/n02086240_4669.jpg,shih_tzu,train,
shih_tzu/n02086240_4751.jpg,shih_tzu,train,
shih_tzu/n02086240_4776.jpg,shih_tzu,train,
shih_tzu/n02086240_4808.jpg,shih_tzu,train,
shih_tzu/n02086240_4865.jpg,shih_tzu,train,
shih_tzu/n02086240_4999.jpg,shih_tzu,test,
shih_tzu/n02086240_5042.jpg,shih_tzu,train,
shih_tzu/n02086240_5096.jpg,shih_tzu,train,
shih_tzu/n02086240_5140.jpg,shih_tzu,train,
shih_tzu/n02086240_5212.jpg,shih_tzu,train,
shih_tzu/n02086240_5246.jpg,shih_tzu,train,
shih_tzu/n02086240_5316.jpg,shih_tzu,train,
shih_tzu/n02086240_533.jpg,shih_tzu,train,
shih_tzu/n02086240_5352.jpg,shih_tzu,train,
shih_tzu/n02086240_5443.jpg,shih_tzu,train,
shih_tzu/n02086240_5520.jpg,shih_tzu,test,
shih_tzu/n02086240_5536.jpg,shih_tzu,test,
shih_tzu/n02086240_5541.jpg,shih_tzu,train,
shih_tzu/n02086240_5546.jpg,shih_tzu,val,
shih_tzu/n02086240_5554.jpg,shih_tzu,train,
shih_tzu/n02086240_5627.jpg,shih_tzu,train,
shih_tzu/n02086240_5696.jpg,shih_tzu,train,
shih_tzu/n02086240_5703.jpg,shih_tzu,val,
shih_tzu/n02086240_574.jpg,shih_tzu,train,
shih_tzu/n02086240_5889.jpg,shih_tzu,test,
shih_tzu/n02086240_5957.jpg,shih_tzu,train,
shih_tzu/n02086240_5976.jpg,shih_tzu,train,
shih_tzu/n02086240_599.jpg,shih_tzu,train,
shih_tzu/n02086240_5994.jpg,shih_tzu,train,
shih_tzu/n02086240_6032.jpg,shih_tzu,train,
shih_tzu/n02086240_6082.jpg,shih_tzu,train,
shih_tzu/n02086240_61.jpg,shih_tzu,test,
shih_tzu/n02086240_6106.jpg,shih_tzu,train,
shih_tzu/n02086240_6116.jpg,shih_tzu,train,
shih_tzu/n02086240_6131.jpg,shih_tzu,val,
shih_tzu/n02086240_6222.jpg,shih_tzu,test,
shih_tzu/n02086240_6269.jpg,shih_tzu,train,
shih_tzu/n02086240_6322.jpg,shih_tzu,train,
shih_tzu/n02086240_6323.jpg,shih_tzu,val,
shih_tzu/n02086240_646.jpg,shih_tzu,train,
shih_tzu/n02086240_6463.jpg,shih_tzu,train,
shih_tzu/n02086240_6477.jpg,shih_tzu,train,
shih_tzu/n02086240_6585.jpg,shih_tzu,train,
shih_tzu/n02086240_6587.jpg,shih_tzu,train,
shih_tzu/n02086240_6606.jpg,shih_tzu,train,
shih_tzu/n02086240_6647.jpg,shih_tzu,train,
shih_tzu/n02086240_6795.jpg,shih_tzu,val,
shih_tzu/n02086240_6819.jpg,shih_tzu,train,
shih_tzu/n02086240_6833.jpg,shih_tzu,train,
shih_tzu/n02086240_6849.jpg,shih_tzu,train,
shih_tzu/n02086240_6871.jpg,shih_tzu,train,
shih_tzu/n02086240_6882.jpg,shih_tzu,val,
shih_tzu/n02086240_6898.jpg,shih_tzu,train,
shih_tzu/n02086240_6911.jpg,shih_tzu,train,
shih_tzu/n02086240_6924.jpg,shih_tzu,val,
shih_tzu/n02086240_6992.jpg,shih_tzu,train,
shih_tzu/n02086240_707.jpg,shih_tzu,train,
shih_tzu/n02086240_7079.jpg,shih_tzu,train,
shih_tzu/n02086240_7093.jpg,shih_tzu,train,
shih_tzu/n02086240_7100.jpg,shih_tzu,test,
shih_tzu/n02086240_7110.jpg,shih_tzu,train,
shih_tzu/n02086240_7123.jpg,shih_tzu,train,
shih_tzu/n02086240_7142.jpg,shih_tzu,train,
shih_tzu/n02086240_7170.jpg,shih_tzu,val,
shih_tzu/n02086240_7195.jpg,shih_tzu,train,
shih_tzu/n02086240_7205.jpg,shih_tzu,train,
shih_tzu/n02086240_7207.jpg,shih_tzu,train,
shih_tzu/n02086240_7209.jpg,shih_tzu,val,
shih_tzu/n02086240_7221.jpg,shih_tzu,test,
shih_tzu/n02086240_7248.jpg,shih_tzu,train,
shih_tzu/n02086240_7266.jpg,shih_tzu,train,
shih_tzu/n02086240_7299.jpg,shih_tzu,train,
shih_tzu/n02086240_7349.jpg,shih_tzu,val,
shih_tzu/n02086240_739.jpg,shih_tzu,val,
shih_tzu/n02086240_7404.jpg,shih_tzu,train,
shih_tzu/n02086240_745.jpg,shih_tzu,val,
shih_tzu/n02086240_7454.jpg,shih_tzu,train,
shih_tzu/n02086240_756.jpg,shih_tzu,val,
shih_tzu/n02086240_762.jpg,shih_tzu,train,
shih_tzu/n02086240_7728.jpg,shih_tzu,test,
shih_tzu/n02086240_788.jpg,shih_tzu,val,
shih_tzu/n02086240_789.jpg,shih_tzu,train,
shih_tzu/n02086240_7954.jpg,shih_tzu,train,
shih_tzu/n02086240_7978.jpg,shih_tzu,test,
shih_tzu/n02086240_8017.jpg,shih_tzu,test,
shih_tzu/n02086240_8049.jpg,shih_tzu,train,
shih_tzu/n02086240_8108.jpg,shih_tzu,train,
shih_tzu/n02086240_818.jpg,shih_tzu,train,
shih_tzu/n02086240_8205.jpg,shih_tzu,train,
shih_tzu/n02086240_8489.jpg,shih_tzu,train,
shih_tzu/n02086240_8812.jpg,shih_tzu,train,
shih_tzu/n02086240_8825.jpg,shih_tzu,train,
shih_tzu/n02086240_9.jpg,shih_tzu,train,
shih_tzu/n02086240_9098.jpg,shih_tzu,train,
shih_tzu/n02086240_9293.jpg,shih_tzu,val,
shih_tzu/n02086240_936.jpg,shih_tzu,val,
shih_tzu/n02086240_9429.jpg,shih_tzu,train,
shih_tzu/n02086240_9467.jpg,shih_tzu,train,
shih_tzu/n02086240_9551.jpg,shih_tzu,train,
shih_tzu/n02086240_963.jpg,shih_tzu,train,
shih_tzu/n02086240_968.jpg,shih_tzu,train,
shih_tzu/n02086240_9750.jpg,shih_tzu,train,
siberian_husky/n02110185_10047.jpg,siberian_husky,train,
siberian_husky/n02110185_10116.jpg,siberian_husky,train,
siberian_husky/n02110185_10171.jpg,siberian_husky,train,
siberian_husky/n02110185_10175.jpg,siberian_husky,train,
siberian_husky/n02110185_10273.jpg,siberian_husky,train,
siberian_husky/n02110185_10360.jpg,siberian_husky,train,
siberian_husky/n02110185_10597.jpg,siberian_husky,val,
siberian_husky/n02110185_1066.jpg,siberian_husky,train,
siberian_husky/n02110185_10844.jpg,siberian_husky,train,
siberian_husky/n02110185_10849.jpg,siberian_husky,train,
siberian_husky/n02110185_10875.jpg,siberian_husky,train,
siberian_husky/n02110185_10898.jpg,siberian_husky,test,
siberian_husky/n02110185_10902.jpg,siberian_husky,train,
siberian_husky/n02110185_10955.jpg,siberian_husky,val,
siberian_husky/n02110185_10967.jpg,siberian_husky,train,
siberian_husky/n02110185_11114.jpg,siberian_husky,train,
siberian_husky/n02110185_11131.jpg,siberian_husky,train,
siberian_husky/n02110185_11138.jpg,siberian_husky,train,
siberian_husky/n02110185_11287.jpg,siberian_husky,train,
siberian_husky/n02110185_1130.jpg,siberian_husky,train,
siberian_husky/n02110185_11396.jpg,siberian_husky,train,
siberian_husky/n02110185_11409.jpg,siberian_husky,val,
siberian_husky/n02110185_11445.jpg,siberian_husky,train,
siberian_husky/n02110185_11580.jpg,siberian_husky,val,
siberian_husky/n02110185_11626.jpg,siberian_husky,train,
siberian_husky/n02110185_11635.jpg,siberian_husky,train,
siberian_husky/n02110185_11636.jpg,siberian_husky,val,
siberian_husky/n02110185_1164.jpg,siberian_husky,train,
siberian_husky/n02110185_11773.jpg,siberian_husky,train,
siberian_husky/n02110185_1178.jpg,siberian_husky,train,
siberian_husky/n02110185_11783.jpg,siberian_husky,train,
siberian_husky/n02110185_11841.jpg,siberian_husky,val,
siberian_husky/n02110185_120.jpg,siberian_husky,train,
siberian_husky/n02110185_12120.jpg,siberian_husky,train,
siberian_husky/n02110185_12380.jpg,siberian_husky,train,
siberian_husky/n02110185_12441.jpg,siberian_husky,val,
siberian_husky/n02110185_12478.jpg,siberian_husky,train,
siberian_husky/n02110185_12498.jpg,siberian_husky,val,
siberian_husky/n02110185_12656.jpg,siberian_husky,train,
siberian_husky/n02110185_12678.jpg,siberian_husky,train,
siberian_husky/n02110185_12748.jpg,siberian_husky,train,
siberian_husky/n02110185_1289.jpg,siberian_husky,test,
siberian_husky/n02110185_13127.jpg,siberian_husky,train,
siberian_husky/n02110185_13158.jpg,siberian_husky,train,
siberian_husky/n02110185_13187.jpg,siberian_husky,train,
siberian_husky/n02110185_13197.jpg,siberian_husky,train,
siberian_husky/n02110185_13282.jpg,siberian_husky,train,
siberian_husky/n02110185_1338.jpg,siberian_husky,train,
siberian_husky/n02110185_13423.jpg,siberian_husky,train,
siberian_husky/n02110185_13434.jpg,siberian_husky,test,
siberian_husky/n02110185_13704.jpg,siberian_husky,train,
siberian_husky/n02110185_13794.jpg,siberian_husky,test,
siberian_husky/n02110185_13821.jpg,siberian_husky,train,
siberian_husky/n02110185_13855.jpg,siberian_husky,train,
siberian_husky/n02110185_13942.jpg,siberian_husky,train,
siberian_husky/n02110185_14056.jpg,siberian_husky,train,
siberian_husky/n02110185_14061.jpg,siberian_husky,val,
siberian_husky/n02110185_14283.jpg,siberian_husky,train,
siberian_husky/n02110185_14289.jpg,siberian_husky,train,
siberian_husky/n02110185_1439.jpg,siberian_husky,test,
siberian_husky/n02110185_1446.jpg,siberian_husky,test,
siberian_husky/n02110185_14479.jpg,siberian_husky,test,
siberian_husky/n02110185_14523.jpg,siberian_husky,train,
siberian_husky/n02110185_14560.jpg,siberian_husky,train,
siberian_husky/n02110185_14594.jpg,siberian_husky,val,
siberian_husky/n02110185_14597.jpg,siberian_husky,train,
siberian_husky/n02110185_14650.jpg,siberian_husky,train,
siberian_husky/n02110185_1469.jpg,siberian_husky,train,
siberian_husky/n02110185_14766.jpg,siberian_husky,train,
siberian_husky/n02110185_14906.jpg,siberian_husky,val,
siberian_husky/n02110185_1497.jpg,siberian_husky,train,
siberian_husky/n02110185_15019.jpg,siberian_husky,train,
siberian_husky/n02110185_15063.jpg,siberian_husky,test,
siberian_husky/n02110185_1511.jpg,siberian_husky,train,
siberian_husky/n02110185_1532.jpg,siberian_husky,train,
siberian_husky/n02110185_1534.jpg,siberian_husky,train,
siberian_husky/n02110185_1552.jpg,siberian_husky,train,
siberian_husky/n02110185_1598.jpg,siberian_husky,train,
siberian_husky/n02110185_1614.jpg,siberian_husky,train,
siberian_husky/n02110185_1748.jpg,siberian_husky,test,
siberian_husky/n02110185_1794.jpg,siberian_husky,train,
siberian_husky/n02110185_184.jpg,siberian_husky,train,
siberian_husky/n02110185_2368.jpg,siberian_husky,train,
siberian_husky/n02110185_2446.jpg,siberian_husky,train,
siberian_husky/n02110185_248.jpg,siberian_husky,train,
siberian_husky/n02110185_2593.jpg,siberian_husky,train,
siberian_husky/n02110185_2604.jpg,siberian_husky,train,
siberian_husky/n02110185_2614.jpg,siberian_husky,train,
siberian_husky/n02110185_2672.jpg,siberian_husky,train,
siberian_husky/n02110185_2701.jpg,siberian_husky,val,
siberian_husky/n02110185_2728.jpg,siberian_husky,train,
siberian_husky/n02110185_2736.jpg,siberian_husky,train,
siberian_husky/n02110185_2820.jpg,siberian_husky,train,
siberian_husky/n02110185_2941.jpg,siberian_husky,test,
siberian_husky/n02110185_3039.jpg,siberian_husky,test,
siberian_husky/n02110185_3291.jpg,siberian_husky,val,
siberian_husky/n02110185_3302.jpg,siberian_husky,train,
siberian_husky/n02110185_3328.jpg,siberian_husky,test,
siberian_husky/n02110185_3406.jpg,siberian_husky,train,
siberian_husky/n02110185_353.jpg,siberian_husky,train,
siberian_husky/n02110185_3540.jpg,siberian_husky,train,
siberian_husky/n02110185_3589.jpg,siberian_husky,val,
siberian_husky/n02110185_3651.jpg,siberian_husky,train,
siberian_husky/n02110185_3808.jpg,siberian_husky,train,
siberian_husky/n02110185_388.jpg,siberian_husky,train,
siberian_husky/n02110185_4030.jpg,siberian_husky,test,
siberian_husky/n02110185_4060.jpg,siberian_husky,val,
siberian_husky/n02110185_4115.jpg,siberian_husky,test,
siberian_husky/n02110185_4133.jpg,siberian_husky,train,
siberian_husky/n02110185_4186.jpg,siberian_husky,train,
siberian_husky/n02110185_4294.jpg,siberian_husky,train,
siberian_husky/n02110185_4522.jpg,siberian_husky,val,
siberian_husky/n02110185_4677.jpg,siberian_husky,test,
siberian_husky/n02110185_4694.jpg,siberian_husky,test,
siberian_husky/n02110185_4906.jpg,siberian_husky,test,
siberian_husky/n02110185_5030.jpg,siberian_husky,val,
siberian_husky/n02110185_5143.jpg,siberian_husky,train,
siberian_husky/n02110185_5159.jpg,siberian_husky,train,
siberian_husky/n02110185_5172.jpg,siberian_husky,test,
siberian_husky/n02110185_519.jpg,siberian_husky,train,
siberian_husky/n02110185_5392.jpg,siberian_husky,test,
siberian_husky/n02110185_5495.jpg,siberian_husky,train,
siberian_husky/n02110185_56.jpg,siberian_husky,train,
siberian_husky/n02110185_5622.jpg,siberian_husky,val,
siberian_husky/n02110185_5624.jpg,siberian_husky,train,
siberian_husky/n02110185_5628.jpg,siberian_husky,train,
siberian_husky/n02110185_5716.jpg,siberian_husky,train,
siberian_husky/n02110185_58.jpg,siberian_husky,train,
siberian_husky/n02110185_5871.jpg,siberian_husky,test,
siberian_husky/n02110185_5973.jpg,siberian_husky,train,
siberian_husky/n02110185_6094.jpg,siberian_husky,train,
siberian_husky/n02110185_6105.jpg,siberian_husky,val,
siberian_husky/n02110185_6263.jpg,siberian_husky,val,
siberian_husky/n02110185_632.jpg,siberian_husky,train,
siberian_husky/n02110185_6351.jpg,siberian_husky,train,
siberian_husky/n02110185_6409.jpg,siberian_husky,test,
siberian_husky/n02110185_6411.jpg,siberian_husky,test,
siberian_husky/n02110185_6438.jpg,siberian_husky,train,
siberian_husky/n02110185_6473.jpg,siberian_husky,train,
siberian_husky/n02110185_6564.jpg,siberian_husky,train,
siberian_husky/n02110185_6746.jpg,siberian_husky,train,
siberian_husky/n02110185_6775.jpg,siberian_husky,val,
siberian_husky/n02110185_6780.jpg,siberian_husky,train,
siberian_husky/n02110185_6850.jpg,siberian_husky,train,
siberian_husky/n02110185_698.jpg,siberian_husky,train,
siberian_husky/n02110185_699.jpg,siberian_husky,train,
siberian_husky/n02110185_7044.jpg,siberian_husky,test,
siberian_husky/n02110185_7117.jpg,siberian_husky,train,
siberian_husky/n02110185_712.jpg,siberian_husky,val,
siberian_husky/n02110185_7210.jpg,siberian_husky,train,
siberian_husky/n02110185_7246.jpg,siberian_husky,train,
siberian_husky/n02110185_725.jpg,siberian_husky,train,
siberian_husky/n02110185_7329.jpg,siberian_husky,train,
siberian_husky/n02110185_7379.jpg,siberian_husky,train,
siberian_husky/n02110185_7413.jpg,siberian_husky,val,
siberian_husky/n02110185_7564.jpg,siberian_husky,train,
siberian_husky/n02110185_7594.jpg,siberian_husky,test,
siberian_husky/n02110185_7762.jpg,siberian_husky,val,
siberian_husky/n02110185_7879.jpg,siberian_husky,train,
siberian_husky/n02110185_7888.jpg,siberian_husky,val,
siberian_husky/n02110185_7936.jpg,siberian_husky,train,
siberian_husky/n02110185_7980.jpg,siberian_husky,train,
siberian_husky/n02110185_8005.jpg,siberian_husky,train,
siberian_husky/n02110185_815.jpg,siberian_husky,train,
siberian_husky/n02110185_8154.jpg,siberian_husky,val,
siberian_husky/n02110185_8162.jpg,siberian_husky,train,
siberian_husky/n02110185_8216.jpg,siberian_husky,train,
siberian_husky/n02110185_8327.jpg,siberian_husky,val,
siberian_husky/n02110185_8360.jpg,siberian_husky,train,
siberian_husky/n02110185_8397.jpg,siberian_husky,val,
siberian_husky/n02110185_8564.jpg,siberian_husky,train,
siberian_husky/n02110185_8600.jpg,siberian_husky,train,
siberian_husky/n02110185_8708.jpg,siberian_husky,train,
siberian_husky/n02110185_8748.jpg,siberian_husky,test,
siberian_husky/n02110185_8749.jpg,siberian_husky,train,
siberian_husky/n02110185_8860.jpg,siberian_husky,train,
siberian_husky/n02110185_8923.jpg,siberian_husky,train,
siberian_husky/n02110185_8966.jpg,siberian_husky,train,
siberian_husky/n02110185_9001.jpg,siberian_husky,train,
siberian_husky/n02110185_9086.jpg,siberian_husky,train,
siberian_husky/n02110185_9177.jpg,siberian_husky,train,
siberian_husky/n02110185_9194.jpg,siberian_husky,test,
siberian_husky/n02110185_931.jpg,siberian_husky,train,
siberian_husky/n02110185_9334.jpg,siberian_husky,train,
siberian_husky/n02110185_9396.jpg,siberian_husky,test,
siberian_husky/n02110185_9429.jpg,siberian_husky,val,
siberian_husky/n02110185_9461.jpg,siberian_husky,train,
siberian_husky/n02110185_9712.jpg,siberian_husky,train,
siberian_husky/n02110185_9833.jpg,siberian_husky,train,
siberian_husky/n02110185_9846.jpg,siberian_husky,train,
siberian_husky/n02110185_9855.jpg,siberian_husky,test,
siberian_husky/n02110185_9975.jpg,siberian_husky,test,
yorkshire_terrier/n02094433_10123.jpg,yorkshire_terrier,train,
yorkshire_terrier/n02094433_10126.jpg,yorkshire_terrier,train,
yorkshire_terrier/n02094433_10184.jpg,yorkshire_terrier,train,
yorkshire_terrier/n02094433_1030.jpg,yorkshire_terrier,train,
yorkshire_terrier/n02094433_1177.jpg,yorkshire_terrier,val,
yorkshire_terrier/n02094433_1210.jpg,yorkshire_terrier,train,
yorkshire_terrier/n02094433_1211.jpg,yorkshire_terrier,train,
yorkshire_terrier/n02094433_1219.jpg,yorkshire_terrier,val,
yorkshire_terrier/n02094433_126.jpg,yorkshire_terrier,val,
yorkshire_terrier/n02094433_1269.jpg,yorkshire_terrier,train,
yorkshire_terrier/n02094433_1301.jpg,yorkshire_terrier,val,
yorkshire_terrier/n02094433_1312.jpg,yorkshire_terrier,train,
yorkshire_terrier/n02094433_1324.jpg,yorkshire_terrier,train,
yorkshire_terrier/n02094433_1376.jpg,yorkshire_terrier,train,
yorkshire_terrier/n02094433_1483.jpg,yorkshire_terrier,val,
yorkshire_terrier/n02094433_1490.jpg,yorkshire_terrier,train,
yorkshire_terrier/n02094433_1525.jpg,yorkshire_terrier,val,
yorkshire_terrier/n02094433_1539.jpg,yorkshire_terrier,train,
yorkshire_terrier/n02094433_1634.jpg,yorkshire_terrier,val,
yorkshire_terrier/n02094433_1765.jpg,yorkshire_terrier,val,
yorkshire_terrier/n02094433_1770.jpg,yorkshire_terrier,test,
yorkshire_terrier/n02094433_1772.jpg,yorkshire_terrier,test,
yorkshire_terrier/n02094433_1824.jpg,yorkshire_terrier,train,
yorkshire_terrier/n02094433_1849.jpg,yorkshire_terrier,train,
yorkshire_terrier/n02094433_1868.jpg,yorkshire_terrier,train,
yorkshire_terrier/n02094433_1869.jpg,yorkshire_terrier,train,
yorkshire_terrier/n02094433_194.jpg,yorkshire_terrier,test,
yorkshire_terrier/n02094433_199.jpg,yorkshire_terrier,train,
yorkshire_terrier/n02094433_2006.jpg,yorkshire_terrier,train,
yorkshire_terrier/n02094433_2022.jpg,yorkshire_terrier,train,
yorkshire_terrier/n02094433_2041.jpg,yorkshire_terrier,val,
yorkshire_terrier/n02094433_2053.jpg,yorkshire_terrier,train,
yorkshire_terrier/n02094433_2105.jpg,yorkshire_terrier,train,
yorkshire_terrier/n02094433_2114.jpg,yorkshire_terrier,train,
yorkshire_terrier/n02094433_2115.jpg,yorkshire_terrier,train,
yorkshire_terrier/n02094433_2125.jpg,yorkshire_terrier,train,
yorkshire_terrier/n02094433_2127.jpg,yorkshire_terrier,train,
yorkshire_terrier/n02094433_2197.jpg,yorkshire_terrier,train,
yorkshire_terrier/n02094433_2223.jpg,yorkshire_terrier,train,
yorkshire_terrier/n02094433_2229.jpg,yorkshire_terrier,train,
yorkshire_terrier/n02094433_225.jpg,yorkshire_terrier,val,
yorkshire_terrier/n02094433_2266.jpg,yorkshire_terrier,train,
yorkshire_terrier/n02094433_2328.jpg,yorkshire_terrier,test,
yorkshire_terrier/n02094433_2340.jpg,yorkshire_terrier,train,
yorkshire_terrier/n02094433_2349.jpg,yorkshire_terrier,train,
yorkshire_terrier/n02094433_2375.jpg,yorkshire_terrier,train,
yorkshire_terrier/n02094433_2401.jpg,yorkshire_terrier,test,
yorkshire_terrier/n02094433_2417.jpg,yorkshire_terrier,test,
yorkshire_terrier/n02094433_2457.jpg,yorkshire_terrier,train,
yorkshire_terrier/n02094433_2474.jpg,yorkshire_terrier,train,
yorkshire_terrier/n02094433_2483.jpg,yorkshire_terrier,train,
yorkshire_terrier/n02094433_2519.jpg,yorkshire_terrier,train,
yorkshire_terrier/n02094433_2537.jpg,yorkshire_terrier,train,
yorkshire_terrier/n02094433_2564.jpg,yorkshire_terrier,train,
yorkshire_terrier/n02094433_259.jpg,yorkshire_terrier,train,
yorkshire_terrier/n02094433_2596.jpg,yorkshire_terrier,train,
yorkshire_terrier/n02094433_2609.jpg,yorkshire_terrier,val,
yorkshire_terrier/n02094433_2643.jpg,yorkshire_terrier,train,
yorkshire_terrier/n02094433_266.jpg,yorkshire_terrier,train,
yorkshire_terrier/n02094433_2678.jpg,yorkshire_terrier,train,
yorkshire_terrier/n02094433_2685.jpg,yorkshire_terrier,train,
yorkshire_terrier/n02094433_2740.jpg,yorkshire_terrier,train,
yorkshire_terrier/n02094433_2748.jpg,yorkshire_terrier,train,
yorkshire_terrier/n02094433_2759.jpg,yorkshire_terrier,train,
yorkshire_terrier/n02094433_2776.jpg,yorkshire_terrier,train,
yorkshire_terrier/n02094433_2782.jpg,yorkshire_terrier,train,
yorkshire_terrier/n02094433_2824.jpg,yorkshire_terrier,train,
yorkshire_terrier/n02094433_2838.jpg,yorkshire_terrier,train,
yorkshire_terrier/n02094433_2882.jpg,yorkshire_terrier,test,
yorkshire_terrier/n02094433_2901.jpg,yorkshire_terrier,train,
yorkshire_terrier/n02094433_2903.jpg,yorkshire_terrier,val,
yorkshire_terrier/n02094433_2919.jpg,yorkshire_terrier,train,
yorkshire_terrier/n02094433_2973.jpg,yorkshire_terrier,train,
yorkshire_terrier/n02094433_2987.jpg,yorkshire_terrier,train,
yorkshire_terrier/n02094433_3010.jpg,yorkshire_terrier,train,
yorkshire_terrier/n02094433_3043.jpg,yorkshire_terrier,test,
yorkshire_terrier/n02094433_3088.jpg,yorkshire_terrier,train,
yorkshire_terrier/n02094433_3117.jpg,yorkshire_terrier,val,
yorkshire_terrier/n02094433_3192.jpg,yorkshire_terrier,test,
yorkshire_terrier/n02094433_3198.jpg,yorkshire_terrier,train,
yorkshire_terrier/n02094433_3202.jpg,yorkshire_terrier,train,
yorkshire_terrier/n02094433_3279.jpg,yorkshire_terrier,train,
yorkshire_terrier/n02094433_3296.jpg,yorkshire_terrier,test,
yorkshire_terrier/n02094433_3335.jpg,yorkshire_terrier,test,
yorkshire_terrier/n02094433_3392.jpg,yorkshire_terrier,train,
yorkshire_terrier/n02094433_3400.jpg,yorkshire_terrier,train,
yorkshire_terrier/n02094433_3431.jpg,yorkshire_terrier,test,
yorkshire_terrier/n02094433_3480.jpg,yorkshire_terrier,train,
yorkshire_terrier/n02094433_3526.jpg,yorkshire_terrier,train,
yorkshire_terrier/n02094433_3560.jpg,yorkshire_terrier,val,
yorkshire_terrier/n02094433_3604.jpg,yorkshire_terrier,val,
yorkshire_terrier/n02094433_3613.jpg,yorkshire_terrier,train,
yorkshire_terrier/n02094433_3640.jpg,yorkshire_terrier,train,
yorkshire_terrier/n02094433_3642.jpg,yorkshire_terrier,val,
yorkshire_terrier/n02094433_3655.jpg,yorkshire_terrier,test,
yorkshire_terrier/n02094433_3704.jpg,yorkshire_terrier,train,
yorkshire_terrier/n02094433_3766.jpg,yorkshire_terrier,train,
yorkshire_terrier/n02094433_3812.jpg,yorkshire_terrier,train,
yorkshire_terrier/n02094433_3848.jpg,yorkshire_terrier,test,
yorkshire_terrier/n02094433_3878.jpg,yorkshire_terrier,val,
yorkshire_terrier/n02094433_3881.jpg,yorkshire_terrier,val,
yorkshire_terrier/n02094433_3905.jpg,yorkshire_terrier,train,
yorkshire_terrier/n02094433_3947.jpg,yorkshire_terrier,train,
yorkshire_terrier/n02094433_3983.jpg,yorkshire_terrier,val,
yorkshire_terrier/n02094433_3999.jpg,yorkshire_terrier,train,
yorkshire_terrier/n02094433_4005.jpg,yorkshire_terrier,train,
yorkshire_terrier/n02094433_4028.jpg,yorkshire_terrier,train,
yorkshire_terrier/n02094433_4091.jpg,yorkshire_terrier,train,
yorkshire_terrier/n02094433_4167.jpg,yorkshire_terrier,test,
yorkshire_terrier/n02094433_4181.jpg,yorkshire_terrier,test,
yorkshire_terrier/n02094433_4198.jpg,yorkshire_terrier,test,
yorkshire_terrier/n02094433_4214.jpg,yorkshire_terrier,val,
yorkshire_terrier/n02094433_4248.jpg,yorkshire_terrier,train,
yorkshire_terrier/n02094433_4399.jpg,yorkshire_terrier,val,
yorkshire_terrier/n02094433_4588.jpg,yorkshire_terrier,test,
yorkshire_terrier/n02094433_4624.jpg,yorkshire_terrier,train,
yorkshire_terrier/n02094433_4710.jpg,yorkshire_terrier,train,
yorkshire_terrier/n02094433_478.jpg,yorkshire_terrier,train,
yorkshire_terrier/n02094433_4916.jpg,yorkshire_terrier,train,
yorkshire_terrier/n02094433_4990.jpg,yorkshire_terrier,train,
yorkshire_terrier/n02094433_515.jpg,yorkshire_terrier,train,
yorkshire_terrier/n02094433_5155.jpg,yorkshire_terrier,train,
yorkshire_terrier/n02094433_5176.jpg,yorkshire_terrier,train,
yorkshire_terrier/n02094433_5350.jpg,yorkshire_terrier,train,
yorkshire_terrier/n02094433_5356.jpg,yorkshire_terrier,train,
yorkshire_terrier/n02094433_5384.jpg,yorkshire_terrier,train,
yorkshire_terrier/n02094433_540.jpg,yorkshire_terrier,train,
yorkshire_terrier/n02094433_5500.jpg,yorkshire_terrier,test,
yorkshire_terrier/n02094433_5868.jpg,yorkshire_terrier,train,
yorkshire_terrier/n02094433_621.jpg,yorkshire_terrier,train,
yorkshire_terrier/n02094433_6258.jpg,yorkshire_terrier,train,
yorkshire_terrier/n02094433_63.jpg,yorkshire_terrier,train,
yorkshire_terrier/n02094433_6328.jpg,yorkshire_terrier,test,
yorkshire_terrier/n02094433_6338.jpg,yorkshire_terrier,train,
yorkshire_terrier/n02094433_6672.jpg,yorkshire_terrier,train,
yorkshire_terrier/n02094433_668.jpg,yorkshire_terrier,train,
yorkshire_terrier/n02094433_701.jpg,yorkshire_terrier,train,
yorkshire_terrier/n02094433_708.jpg,yorkshire_terrier,train,
yorkshire_terrier/n02094433_716.jpg,yorkshire_terrier,train,
yorkshire_terrier/n02094433_719.jpg,yorkshire_terrier,test,
yorkshire_terrier/n02094433_7191.jpg,yorkshire_terrier,train,
yorkshire_terrier/n02094433_730.jpg,yorkshire_terrier,train,
yorkshire_terrier/n02094433_7394.jpg,yorkshire_terrier,val,
yorkshire_terrier/n02094433_7445.jpg,yorkshire_terrier,train,
yorkshire_terrier/n02094433_745.jpg,yorkshire_terrier,train,
yorkshire_terrier/n02094433_7464.jpg,yorkshire_terrier,train,
yorkshire_terrier/n02094433_7495.jpg,yorkshire_terrier,train,
yorkshire_terrier/n02094433_7702.jpg,yorkshire_terrier,train,
yorkshire_terrier/n02094433_7827.jpg,yorkshire_terrier,val,
yorkshire_terrier/n02094433_785.jpg,yorkshire_terrier,test,
yorkshire_terrier/n02094433_795.jpg,yorkshire_terrier,train,
yorkshire_terrier/n02094433_800.jpg,yorkshire_terrier,train,
yorkshire_terrier/n02094433_8419.jpg,yorkshire_terrier,train,
yorkshire_terrier/n02094433_8535.jpg,yorkshire_terrier,test,
yorkshire_terrier/n02094433_8580.jpg,yorkshire_terrier,val,
yorkshire_terrier/n02094433_8669.jpg,yorkshire_terrier,train,
yorkshire_terrier/n02094433_889.jpg,yorkshire_terrier,train,
yorkshire_terrier/n02094433_8977.jpg,yorkshire_terrier,train,
yorkshire_terrier/n02094433_923.jpg,yorkshire_terrier,train,
yorkshire_terrier/n02094433_96.jpg,yorkshire_terrier,train,
yorkshire_terrier/n02094433_9618.jpg,yorkshire_terrier,test,
yorkshire_terrier/n02094433_962.jpg,yorkshire_terrier,train,
yorkshire_terrier/n02094433_967.jpg,yorkshire_terrier,val,
yorkshire_terrier/n02094433_9739.jpg,yorkshire_terrier,train,
